nohup: ignoring input
Python-dotenv could not parse statement starting at line 1
/var/www/swif/venv/lib/python3.10/site-packages/celery/platforms.py:829: SecurityWarning: You're running the worker with superuser privileges: this is
absolutely not recommended!

Please specify a different user using the --uid option.

User information: uid=0 euid=0 gid=0 egid=0

  warnings.warn(SecurityWarning(ROOT_DISCOURAGED.format(
 
 -------------- celery@Swifwallet v5.4.0 (opalescent)
--- ***** ----- 
-- ******* ---- Linux-5.15.0-126-generic-x86_64-with-glibc2.35 2025-04-08 09:17:49
- *** --- * --- 
- ** ---------- [config]
- ** ---------- .> app:         swif:0x7fab18349480
- ** ---------- .> transport:   redis://:**@127.0.0.1:6379/0
- ** ---------- .> results:     redis://:**@127.0.0.1:6379/0
- *** --- * --- .> concurrency: 1 (prefork)
-- ******* ---- .> task events: OFF (enable -E to monitor tasks in this worker)
--- ***** ----- 
 -------------- [queues]
                .> celery           exchange=celery(direct) key=celery
                

[tasks]
  . app.tasks.expire_inactive_points
  . app.tasks.send_promotional_email
  . app.tasks.update_exchange_rates
  . app.utils.mail.send_email
  . drac.tasks.detect_anomaly_task
  . drac.tasks.reconcile_transaction_task
  . drac.tasks.run_audit_task
  . drac.tasks.run_compliance_check_task
  . drac.tasks.scheduled_reconciliation_task
  . invest.tasks.auto_process_stocks
  . invest.tasks.process_trade
  . invest.tasks.update_tokenized_stock_prices
  . kyc.tasks.async_process_kyc
  . kyc.tasks.process_kyc_task
  . kyc.tasks.send_notification_task
  . monica.tasks.generate_blog_posts
  . monica.tasks.monitor_user_accounts
  . monica.tasks.notify_support_about_escalated_disputes
  . monica.tasks.process_refund

[2025-04-08 09:17:49,475: WARNING/MainProcess] /var/www/swif/venv/lib/python3.10/site-packages/celery/worker/consumer/consumer.py:508: CPendingDeprecationWarning: The broker_connection_retry configuration setting will no longer determine
whether broker connection retries are made during startup in Celery 6.0 and above.
If you wish to retain the existing behavior for retrying connections on startup,
you should set broker_connection_retry_on_startup to True.
  warnings.warn(

[2025-04-08 09:17:49,549: INFO/MainProcess] Connected to redis://:**@127.0.0.1:6379/0
[2025-04-08 09:17:49,550: WARNING/MainProcess] /var/www/swif/venv/lib/python3.10/site-packages/celery/worker/consumer/consumer.py:508: CPendingDeprecationWarning: The broker_connection_retry configuration setting will no longer determine
whether broker connection retries are made during startup in Celery 6.0 and above.
If you wish to retain the existing behavior for retrying connections on startup,
you should set broker_connection_retry_on_startup to True.
  warnings.warn(

[2025-04-08 09:17:49,557: INFO/MainProcess] mingle: searching for neighbors
[2025-04-08 09:17:50,613: INFO/MainProcess] mingle: all alone
[2025-04-08 09:17:50,634: INFO/MainProcess] celery@Swifwallet ready.
[2025-04-08 09:30:00,510: ERROR/MainProcess] Received unregistered task of type 'invest.tasks.check_stop_loss_and_take_profit'.
The message has been ignored and discarded.

Did you remember to import the module containing this task?
Or maybe you're using relative imports?

Please see
https://docs.celeryq.dev/en/latest/internals/protocol.html
for more information.

The full contents of the message body was:
b'[[], {}, {"callbacks": null, "errbacks": null, "chain": null, "chord": null}]' (77b)

The full contents of the message headers:
{'lang': 'py', 'task': 'invest.tasks.check_stop_loss_and_take_profit', 'id': '1432e9f7-d1af-441d-ae87-016566585b58', 'shadow': None, 'eta': None, 'expires': None, 'group': None, 'group_index': None, 'retries': 0, 'timelimit': [None, None], 'root_id': '1432e9f7-d1af-441d-ae87-016566585b58', 'parent_id': None, 'argsrepr': '()', 'kwargsrepr': '{}', 'origin': 'gen2491801@Swifwallet', 'ignore_result': False, 'replaced_task_nesting': 0, 'stamped_headers': None, 'stamps': {}, 'sentry-task-enqueued-time': 1744104600.2293475, 'sentry-trace': '1bc73b6d69b24869aa1f7fe7727f3c5c-9c46f23799548cb3', 'baggage': 'sentry-trace_id=1bc73b6d69b24869aa1f7fe7727f3c5c,sentry-environment=production,sentry-public_key=f634fed9af121dd7daee5a2dc3e1f7e4,sentry-sample_rate=1.0', 'headers': {'sentry-trace': '1bc73b6d69b24869aa1f7fe7727f3c5c-9c46f23799548cb3', 'baggage': 'sentry-trace_id=1bc73b6d69b24869aa1f7fe7727f3c5c,sentry-environment=production,sentry-public_key=f634fed9af121dd7daee5a2dc3e1f7e4,sentry-sample_rate=1.0', 'sentry-task-enqueued-time': 1744104600.2293475}}

The delivery info for this task is:
{'exchange': '', 'routing_key': 'celery'}
Traceback (most recent call last):
  File "/var/www/swif/venv/lib/python3.10/site-packages/celery/worker/consumer/consumer.py", line 659, in on_task_received
    strategy = strategies[type_]
KeyError: 'invest.tasks.check_stop_loss_and_take_profit'
[2025-04-08 09:30:01,101: INFO/MainProcess] Task invest.tasks.update_tokenized_stock_prices[74fc5301-03b2-4598-b082-1cef0e31182b] received
[2025-04-08 09:30:01,138: ERROR/MainProcess] Received unregistered task of type 'invest.tasks.check_stop_loss_and_take_profit'.
The message has been ignored and discarded.

Did you remember to import the module containing this task?
Or maybe you're using relative imports?

Please see
https://docs.celeryq.dev/en/latest/internals/protocol.html
for more information.

The full contents of the message body was:
b'[[], {}, {"callbacks": null, "errbacks": null, "chain": null, "chord": null}]' (77b)

The full contents of the message headers:
{'lang': 'py', 'task': 'invest.tasks.check_stop_loss_and_take_profit', 'id': '801ded53-26d8-46cc-9e5f-0a5929d90770', 'shadow': None, 'eta': None, 'expires': None, 'group': None, 'group_index': None, 'retries': 0, 'timelimit': [None, None], 'root_id': '801ded53-26d8-46cc-9e5f-0a5929d90770', 'parent_id': None, 'argsrepr': '()', 'kwargsrepr': '{}', 'origin': 'gen2491157@Swifwallet', 'ignore_result': False, 'replaced_task_nesting': 0, 'stamped_headers': None, 'stamps': {}, 'sentry-task-enqueued-time': 1744104600.5637007, 'sentry-trace': 'c039adb56b474fd98d7f10fb2f2587fc-b7db3375359f9073', 'baggage': 'sentry-trace_id=c039adb56b474fd98d7f10fb2f2587fc,sentry-environment=production,sentry-public_key=f634fed9af121dd7daee5a2dc3e1f7e4,sentry-sample_rate=1.0', 'headers': {'sentry-trace': 'c039adb56b474fd98d7f10fb2f2587fc-b7db3375359f9073', 'baggage': 'sentry-trace_id=c039adb56b474fd98d7f10fb2f2587fc,sentry-environment=production,sentry-public_key=f634fed9af121dd7daee5a2dc3e1f7e4,sentry-sample_rate=1.0', 'sentry-task-enqueued-time': 1744104600.5637007}}

The delivery info for this task is:
{'exchange': '', 'routing_key': 'celery'}
Traceback (most recent call last):
  File "/var/www/swif/venv/lib/python3.10/site-packages/celery/worker/consumer/consumer.py", line 659, in on_task_received
    strategy = strategies[type_]
KeyError: 'invest.tasks.check_stop_loss_and_take_profit'
[2025-04-08 09:30:01,212: INFO/MainProcess] Task invest.tasks.update_tokenized_stock_prices[640009f1-cba1-4ca8-b8d6-08a9d5484f29] received
[2025-04-08 09:30:01,927: INFO/MainProcess] Task invest.tasks.update_tokenized_stock_prices[064ac31e-524c-4f36-93ad-865ee879053b] received
[2025-04-08 09:30:02,657: ERROR/ForkPoolWorker-1] Price update failed: 'Server' object has no attribute 'requests'
[2025-04-08 09:30:02,816: ERROR/ForkPoolWorker-1] Price update failed: 'Server' object has no attribute 'requests'
[2025-04-08 09:30:03,206: INFO/ForkPoolWorker-1] Task invest.tasks.update_tokenized_stock_prices[640009f1-cba1-4ca8-b8d6-08a9d5484f29] retry: Retry in 300s: AttributeError("'Server' object has no attribute 'requests'")
[2025-04-08 09:35:01,062: ERROR/ForkPoolWorker-1] Price update failed: 'Server' object has no attribute 'requests'
[2025-04-08 09:35:01,073: ERROR/ForkPoolWorker-1] Price update failed: 'Server' object has no attribute 'requests'
[2025-04-08 09:35:01,085: INFO/MainProcess] Task invest.tasks.update_tokenized_stock_prices[74fc5301-03b2-4598-b082-1cef0e31182b] received
[2025-04-08 09:35:01,097: INFO/ForkPoolWorker-1] Task invest.tasks.update_tokenized_stock_prices[74fc5301-03b2-4598-b082-1cef0e31182b] retry: Retry in 300s: AttributeError("'Server' object has no attribute 'requests'")
[2025-04-08 09:35:01,954: ERROR/ForkPoolWorker-1] Price update failed: 'Server' object has no attribute 'requests'
[2025-04-08 09:35:01,966: ERROR/ForkPoolWorker-1] Price update failed: 'Server' object has no attribute 'requests'
[2025-04-08 09:35:01,987: INFO/MainProcess] Task invest.tasks.update_tokenized_stock_prices[064ac31e-524c-4f36-93ad-865ee879053b] received
[2025-04-08 09:35:01,997: INFO/ForkPoolWorker-1] Task invest.tasks.update_tokenized_stock_prices[064ac31e-524c-4f36-93ad-865ee879053b] retry: Retry in 300s: AttributeError("'Server' object has no attribute 'requests'")
[2025-04-08 09:35:02,944: INFO/MainProcess] Task invest.tasks.update_tokenized_stock_prices[640009f1-cba1-4ca8-b8d6-08a9d5484f29] received
[2025-04-08 09:40:01,131: ERROR/ForkPoolWorker-1] Price update failed: 'Server' object has no attribute 'requests'
[2025-04-08 09:40:01,140: ERROR/ForkPoolWorker-1] Price update failed: 'Server' object has no attribute 'requests'
[2025-04-08 09:40:01,151: INFO/MainProcess] Task invest.tasks.update_tokenized_stock_prices[74fc5301-03b2-4598-b082-1cef0e31182b] received
[2025-04-08 09:40:01,157: INFO/ForkPoolWorker-1] Task invest.tasks.update_tokenized_stock_prices[74fc5301-03b2-4598-b082-1cef0e31182b] retry: Retry in 300s: AttributeError("'Server' object has no attribute 'requests'")
[2025-04-08 09:40:02,038: ERROR/ForkPoolWorker-1] Price update failed: 'Server' object has no attribute 'requests'
[2025-04-08 09:40:02,048: ERROR/ForkPoolWorker-1] Price update failed: 'Server' object has no attribute 'requests'
[2025-04-08 09:40:02,160: INFO/MainProcess] Task invest.tasks.update_tokenized_stock_prices[064ac31e-524c-4f36-93ad-865ee879053b] received
[2025-04-08 09:40:02,171: INFO/ForkPoolWorker-1] Task invest.tasks.update_tokenized_stock_prices[064ac31e-524c-4f36-93ad-865ee879053b] retry: Retry in 300s: AttributeError("'Server' object has no attribute 'requests'")
[2025-04-08 09:40:02,974: ERROR/ForkPoolWorker-1] Price update failed: 'Server' object has no attribute 'requests'
[2025-04-08 09:40:02,982: ERROR/ForkPoolWorker-1] Price update failed: 'Server' object has no attribute 'requests'
[2025-04-08 09:40:03,009: INFO/ForkPoolWorker-1] Task invest.tasks.update_tokenized_stock_prices[640009f1-cba1-4ca8-b8d6-08a9d5484f29] retry: Retry in 300s: AttributeError("'Server' object has no attribute 'requests'")
[2025-04-08 09:45:01,217: ERROR/ForkPoolWorker-1] Price update failed: 'Server' object has no attribute 'requests'
[2025-04-08 09:45:01,230: ERROR/ForkPoolWorker-1] Price update failed: 'Server' object has no attribute 'requests'
[2025-04-08 09:45:01,310: ERROR/ForkPoolWorker-1] Task invest.tasks.update_tokenized_stock_prices[74fc5301-03b2-4598-b082-1cef0e31182b] raised unexpected: AttributeError("'Server' object has no attribute 'requests'")
Traceback (most recent call last):
  File "/var/www/swif/venv/lib/python3.10/site-packages/celery/app/trace.py", line 453, in trace_task
    R = retval = fun(*args, **kwargs)
  File "/var/www/swif/venv/lib/python3.10/site-packages/sentry_sdk/utils.py", line 1783, in runner
    return sentry_patched_function(*args, **kwargs)
  File "/var/www/swif/venv/lib/python3.10/site-packages/sentry_sdk/integrations/celery/__init__.py", line 415, in _inner
    reraise(*exc_info)
  File "/var/www/swif/venv/lib/python3.10/site-packages/sentry_sdk/utils.py", line 1718, in reraise
    raise value
  File "/var/www/swif/venv/lib/python3.10/site-packages/sentry_sdk/integrations/celery/__init__.py", line 410, in _inner
    return f(*args, **kwargs)
  File "/var/www/swif/venv/lib/python3.10/site-packages/celery/app/trace.py", line 736, in __protected_call__
    return self.run(*args, **kwargs)
  File "/var/www/swif/swif/invest/tasks.py", line 297, in update_tokenized_stock_prices
    raise update_tokenized_stock_prices.retry(exc=e, countdown=300)
  File "/var/www/swif/venv/lib/python3.10/site-packages/celery/app/task.py", line 736, in retry
    raise_with_context(exc)
  File "/var/www/swif/swif/invest/tasks.py", line 292, in update_tokenized_stock_prices
    updated = stellar_service.update_stock_prices()
  File "/usr/lib/python3.10/contextlib.py", line 79, in inner
    return func(*args, **kwds)
  File "/var/www/swif/swif/invest/services/stellar_utils.py", line 54, in update_stock_prices
    new_price = self.fetch_stellar_price(stock.symbol, stock.issuer_address)
  File "/var/www/swif/swif/invest/services/stellar_utils.py", line 31, in fetch_stellar_price
    response = self.server.requests.get(
AttributeError: 'Server' object has no attribute 'requests'
[2025-04-08 09:45:02,211: ERROR/ForkPoolWorker-1] Price update failed: 'Server' object has no attribute 'requests'
[2025-04-08 09:45:02,220: ERROR/ForkPoolWorker-1] Price update failed: 'Server' object has no attribute 'requests'
[2025-04-08 09:45:02,248: ERROR/ForkPoolWorker-1] Task invest.tasks.update_tokenized_stock_prices[064ac31e-524c-4f36-93ad-865ee879053b] raised unexpected: AttributeError("'Server' object has no attribute 'requests'")
Traceback (most recent call last):
  File "/var/www/swif/venv/lib/python3.10/site-packages/celery/app/trace.py", line 453, in trace_task
    R = retval = fun(*args, **kwargs)
  File "/var/www/swif/venv/lib/python3.10/site-packages/sentry_sdk/utils.py", line 1783, in runner
    return sentry_patched_function(*args, **kwargs)
  File "/var/www/swif/venv/lib/python3.10/site-packages/sentry_sdk/integrations/celery/__init__.py", line 415, in _inner
    reraise(*exc_info)
  File "/var/www/swif/venv/lib/python3.10/site-packages/sentry_sdk/utils.py", line 1718, in reraise
    raise value
  File "/var/www/swif/venv/lib/python3.10/site-packages/sentry_sdk/integrations/celery/__init__.py", line 410, in _inner
    return f(*args, **kwargs)
  File "/var/www/swif/venv/lib/python3.10/site-packages/celery/app/trace.py", line 736, in __protected_call__
    return self.run(*args, **kwargs)
  File "/var/www/swif/swif/invest/tasks.py", line 297, in update_tokenized_stock_prices
    raise update_tokenized_stock_prices.retry(exc=e, countdown=300)
  File "/var/www/swif/venv/lib/python3.10/site-packages/celery/app/task.py", line 736, in retry
    raise_with_context(exc)
  File "/var/www/swif/swif/invest/tasks.py", line 292, in update_tokenized_stock_prices
    updated = stellar_service.update_stock_prices()
  File "/usr/lib/python3.10/contextlib.py", line 79, in inner
    return func(*args, **kwds)
  File "/var/www/swif/swif/invest/services/stellar_utils.py", line 54, in update_stock_prices
    new_price = self.fetch_stellar_price(stock.symbol, stock.issuer_address)
  File "/var/www/swif/swif/invest/services/stellar_utils.py", line 31, in fetch_stellar_price
    response = self.server.requests.get(
AttributeError: 'Server' object has no attribute 'requests'
[2025-04-08 10:00:00,126: INFO/MainProcess] Task invest.tasks.update_tokenized_stock_prices[b9f5b7c4-10e2-4ce4-ad23-1d635aa51f9c] received
[2025-04-08 10:00:00,180: ERROR/MainProcess] Received unregistered task of type 'invest.tasks.check_stop_loss_and_take_profit'.
The message has been ignored and discarded.

Did you remember to import the module containing this task?
Or maybe you're using relative imports?

Please see
https://docs.celeryq.dev/en/latest/internals/protocol.html
for more information.

The full contents of the message body was:
b'[[], {}, {"callbacks": null, "errbacks": null, "chain": null, "chord": null}]' (77b)

The full contents of the message headers:
{'lang': 'py', 'task': 'invest.tasks.check_stop_loss_and_take_profit', 'id': '31c75e5d-67eb-4d82-a7ba-743664b9c6c7', 'shadow': None, 'eta': None, 'expires': None, 'group': None, 'group_index': None, 'retries': 0, 'timelimit': [None, None], 'root_id': '31c75e5d-67eb-4d82-a7ba-743664b9c6c7', 'parent_id': None, 'argsrepr': '()', 'kwargsrepr': '{}', 'origin': 'gen2491756@Swifwallet', 'ignore_result': False, 'replaced_task_nesting': 0, 'stamped_headers': None, 'stamps': {}, 'sentry-task-enqueued-time': 1744106400.1041636, 'sentry-trace': 'a7012c5ba2c24f0782067a45afda29cd-b5163f18e4459fb1', 'baggage': 'sentry-trace_id=a7012c5ba2c24f0782067a45afda29cd,sentry-environment=production,sentry-public_key=f634fed9af121dd7daee5a2dc3e1f7e4,sentry-sample_rate=1.0', 'headers': {'sentry-trace': 'a7012c5ba2c24f0782067a45afda29cd-b5163f18e4459fb1', 'baggage': 'sentry-trace_id=a7012c5ba2c24f0782067a45afda29cd,sentry-environment=production,sentry-public_key=f634fed9af121dd7daee5a2dc3e1f7e4,sentry-sample_rate=1.0', 'sentry-task-enqueued-time': 1744106400.1041636}}

The delivery info for this task is:
{'exchange': '', 'routing_key': 'celery'}
Traceback (most recent call last):
  File "/var/www/swif/venv/lib/python3.10/site-packages/celery/worker/consumer/consumer.py", line 659, in on_task_received
    strategy = strategies[type_]
KeyError: 'invest.tasks.check_stop_loss_and_take_profit'
[2025-04-08 10:00:00,270: INFO/MainProcess] Task invest.tasks.update_tokenized_stock_prices[79d57649-0b14-442d-b48f-b40920d537d7] received
[2025-04-08 10:00:00,281: ERROR/ForkPoolWorker-1] Price update failed: 'Server' object has no attribute 'requests'
[2025-04-08 10:00:00,312: ERROR/ForkPoolWorker-1] Price update failed: 'Server' object has no attribute 'requests'
[2025-04-08 10:00:00,344: INFO/MainProcess] Task invest.tasks.update_tokenized_stock_prices[b9f5b7c4-10e2-4ce4-ad23-1d635aa51f9c] received
[2025-04-08 10:00:00,368: INFO/ForkPoolWorker-1] Task invest.tasks.update_tokenized_stock_prices[b9f5b7c4-10e2-4ce4-ad23-1d635aa51f9c] retry: Retry in 300s: AttributeError("'Server' object has no attribute 'requests'")
[2025-04-08 10:00:00,501: ERROR/ForkPoolWorker-1] Price update failed: 'Server' object has no attribute 'requests'
[2025-04-08 10:00:00,506: ERROR/ForkPoolWorker-1] Price update failed: 'Server' object has no attribute 'requests'
[2025-04-08 10:00:00,541: INFO/MainProcess] Task invest.tasks.update_tokenized_stock_prices[79d57649-0b14-442d-b48f-b40920d537d7] received
[2025-04-08 10:00:00,564: INFO/ForkPoolWorker-1] Task invest.tasks.update_tokenized_stock_prices[79d57649-0b14-442d-b48f-b40920d537d7] retry: Retry in 300s: AttributeError("'Server' object has no attribute 'requests'")
[2025-04-08 10:05:00,371: ERROR/ForkPoolWorker-1] Price update failed: 'Server' object has no attribute 'requests'
[2025-04-08 10:05:00,379: ERROR/ForkPoolWorker-1] Price update failed: 'Server' object has no attribute 'requests'
[2025-04-08 10:05:00,389: INFO/MainProcess] Task invest.tasks.update_tokenized_stock_prices[b9f5b7c4-10e2-4ce4-ad23-1d635aa51f9c] received
[2025-04-08 10:05:00,395: INFO/ForkPoolWorker-1] Task invest.tasks.update_tokenized_stock_prices[b9f5b7c4-10e2-4ce4-ad23-1d635aa51f9c] retry: Retry in 300s: AttributeError("'Server' object has no attribute 'requests'")
[2025-04-08 10:05:00,561: ERROR/ForkPoolWorker-1] Price update failed: 'Server' object has no attribute 'requests'
[2025-04-08 10:05:00,571: ERROR/ForkPoolWorker-1] Price update failed: 'Server' object has no attribute 'requests'
[2025-04-08 10:05:00,589: INFO/MainProcess] Task invest.tasks.update_tokenized_stock_prices[79d57649-0b14-442d-b48f-b40920d537d7] received
[2025-04-08 10:05:00,592: INFO/ForkPoolWorker-1] Task invest.tasks.update_tokenized_stock_prices[79d57649-0b14-442d-b48f-b40920d537d7] retry: Retry in 300s: AttributeError("'Server' object has no attribute 'requests'")
[2025-04-08 10:10:00,444: ERROR/ForkPoolWorker-1] Price update failed: 'Server' object has no attribute 'requests'
[2025-04-08 10:10:00,454: ERROR/ForkPoolWorker-1] Price update failed: 'Server' object has no attribute 'requests'
[2025-04-08 10:10:00,482: INFO/MainProcess] Task invest.tasks.update_tokenized_stock_prices[b9f5b7c4-10e2-4ce4-ad23-1d635aa51f9c] received
[2025-04-08 10:10:00,496: INFO/ForkPoolWorker-1] Task invest.tasks.update_tokenized_stock_prices[b9f5b7c4-10e2-4ce4-ad23-1d635aa51f9c] retry: Retry in 300s: AttributeError("'Server' object has no attribute 'requests'")
[2025-04-08 10:10:00,608: ERROR/ForkPoolWorker-1] Price update failed: 'Server' object has no attribute 'requests'
[2025-04-08 10:10:00,619: ERROR/ForkPoolWorker-1] Price update failed: 'Server' object has no attribute 'requests'
[2025-04-08 10:10:00,645: INFO/ForkPoolWorker-1] Task invest.tasks.update_tokenized_stock_prices[79d57649-0b14-442d-b48f-b40920d537d7] retry: Retry in 300s: AttributeError("'Server' object has no attribute 'requests'")
[2025-04-08 10:10:00,709: INFO/MainProcess] Task invest.tasks.update_tokenized_stock_prices[2787bce6-c4f2-4b0c-abfe-e46192172344] received
[2025-04-08 10:15:00,523: ERROR/ForkPoolWorker-1] Price update failed: 'Server' object has no attribute 'requests'
[2025-04-08 10:15:00,535: ERROR/ForkPoolWorker-1] Price update failed: 'Server' object has no attribute 'requests'
[2025-04-08 10:15:00,569: ERROR/ForkPoolWorker-1] Task invest.tasks.update_tokenized_stock_prices[b9f5b7c4-10e2-4ce4-ad23-1d635aa51f9c] raised unexpected: AttributeError("'Server' object has no attribute 'requests'")
Traceback (most recent call last):
  File "/var/www/swif/venv/lib/python3.10/site-packages/celery/app/trace.py", line 453, in trace_task
    R = retval = fun(*args, **kwargs)
  File "/var/www/swif/venv/lib/python3.10/site-packages/sentry_sdk/utils.py", line 1783, in runner
    return sentry_patched_function(*args, **kwargs)
  File "/var/www/swif/venv/lib/python3.10/site-packages/sentry_sdk/integrations/celery/__init__.py", line 415, in _inner
    reraise(*exc_info)
  File "/var/www/swif/venv/lib/python3.10/site-packages/sentry_sdk/utils.py", line 1718, in reraise
    raise value
  File "/var/www/swif/venv/lib/python3.10/site-packages/sentry_sdk/integrations/celery/__init__.py", line 410, in _inner
    return f(*args, **kwargs)
  File "/var/www/swif/venv/lib/python3.10/site-packages/celery/app/trace.py", line 736, in __protected_call__
    return self.run(*args, **kwargs)
  File "/var/www/swif/swif/invest/tasks.py", line 297, in update_tokenized_stock_prices
    raise update_tokenized_stock_prices.retry(exc=e, countdown=300)
  File "/var/www/swif/venv/lib/python3.10/site-packages/celery/app/task.py", line 736, in retry
    raise_with_context(exc)
  File "/var/www/swif/swif/invest/tasks.py", line 292, in update_tokenized_stock_prices
    updated = stellar_service.update_stock_prices()
  File "/usr/lib/python3.10/contextlib.py", line 79, in inner
    return func(*args, **kwds)
  File "/var/www/swif/swif/invest/services/stellar_utils.py", line 54, in update_stock_prices
    new_price = self.fetch_stellar_price(stock.symbol, stock.issuer_address)
  File "/var/www/swif/swif/invest/services/stellar_utils.py", line 31, in fetch_stellar_price
    response = self.server.requests.get(
AttributeError: 'Server' object has no attribute 'requests'
[2025-04-08 10:15:00,735: ERROR/ForkPoolWorker-1] Price update failed: 'Server' object has no attribute 'requests'
[2025-04-08 10:15:00,748: ERROR/ForkPoolWorker-1] Price update failed: 'Server' object has no attribute 'requests'
[2025-04-08 10:15:00,770: ERROR/ForkPoolWorker-1] Task invest.tasks.update_tokenized_stock_prices[2787bce6-c4f2-4b0c-abfe-e46192172344] raised unexpected: AttributeError("'Server' object has no attribute 'requests'")
Traceback (most recent call last):
  File "/var/www/swif/venv/lib/python3.10/site-packages/celery/app/trace.py", line 453, in trace_task
    R = retval = fun(*args, **kwargs)
  File "/var/www/swif/venv/lib/python3.10/site-packages/sentry_sdk/utils.py", line 1783, in runner
    return sentry_patched_function(*args, **kwargs)
  File "/var/www/swif/venv/lib/python3.10/site-packages/sentry_sdk/integrations/celery/__init__.py", line 415, in _inner
    reraise(*exc_info)
  File "/var/www/swif/venv/lib/python3.10/site-packages/sentry_sdk/utils.py", line 1718, in reraise
    raise value
  File "/var/www/swif/venv/lib/python3.10/site-packages/sentry_sdk/integrations/celery/__init__.py", line 410, in _inner
    return f(*args, **kwargs)
  File "/var/www/swif/venv/lib/python3.10/site-packages/celery/app/trace.py", line 736, in __protected_call__
    return self.run(*args, **kwargs)
  File "/var/www/swif/swif/invest/tasks.py", line 297, in update_tokenized_stock_prices
    raise update_tokenized_stock_prices.retry(exc=e, countdown=300)
  File "/var/www/swif/venv/lib/python3.10/site-packages/celery/app/task.py", line 736, in retry
    raise_with_context(exc)
  File "/var/www/swif/swif/invest/tasks.py", line 292, in update_tokenized_stock_prices
    updated = stellar_service.update_stock_prices()
  File "/usr/lib/python3.10/contextlib.py", line 79, in inner
    return func(*args, **kwds)
  File "/var/www/swif/swif/invest/services/stellar_utils.py", line 54, in update_stock_prices
    new_price = self.fetch_stellar_price(stock.symbol, stock.issuer_address)
  File "/var/www/swif/swif/invest/services/stellar_utils.py", line 31, in fetch_stellar_price
    response = self.server.requests.get(
AttributeError: 'Server' object has no attribute 'requests'
[2025-04-08 10:30:00,183: ERROR/MainProcess] Received unregistered task of type 'invest.tasks.check_stop_loss_and_take_profit'.
The message has been ignored and discarded.

Did you remember to import the module containing this task?
Or maybe you're using relative imports?

Please see
https://docs.celeryq.dev/en/latest/internals/protocol.html
for more information.

The full contents of the message body was:
b'[[], {}, {"callbacks": null, "errbacks": null, "chain": null, "chord": null}]' (77b)

The full contents of the message headers:
{'lang': 'py', 'task': 'invest.tasks.check_stop_loss_and_take_profit', 'id': '355a7471-84f1-4595-b6ec-fa301d7c2c7e', 'shadow': None, 'eta': None, 'expires': None, 'group': None, 'group_index': None, 'retries': 0, 'timelimit': [None, None], 'root_id': '355a7471-84f1-4595-b6ec-fa301d7c2c7e', 'parent_id': None, 'argsrepr': '()', 'kwargsrepr': '{}', 'origin': 'gen2491157@Swifwallet', 'ignore_result': False, 'replaced_task_nesting': 0, 'stamped_headers': None, 'stamps': {}, 'sentry-task-enqueued-time': 1744108200.1418178, 'sentry-trace': 'e9fd484b734f4c68bcc37d96f9eab7fe-bcabb42e76fd776b', 'baggage': 'sentry-trace_id=e9fd484b734f4c68bcc37d96f9eab7fe,sentry-environment=production,sentry-public_key=f634fed9af121dd7daee5a2dc3e1f7e4,sentry-sample_rate=1.0', 'headers': {'sentry-trace': 'e9fd484b734f4c68bcc37d96f9eab7fe-bcabb42e76fd776b', 'baggage': 'sentry-trace_id=e9fd484b734f4c68bcc37d96f9eab7fe,sentry-environment=production,sentry-public_key=f634fed9af121dd7daee5a2dc3e1f7e4,sentry-sample_rate=1.0', 'sentry-task-enqueued-time': 1744108200.1418178}}

The delivery info for this task is:
{'exchange': '', 'routing_key': 'celery'}
Traceback (most recent call last):
  File "/var/www/swif/venv/lib/python3.10/site-packages/celery/worker/consumer/consumer.py", line 659, in on_task_received
    strategy = strategies[type_]
KeyError: 'invest.tasks.check_stop_loss_and_take_profit'
[2025-04-08 10:30:00,290: INFO/MainProcess] Task invest.tasks.update_tokenized_stock_prices[77d52e3e-7d04-448e-920b-183f3c58ec0e] received
[2025-04-08 10:30:00,313: INFO/MainProcess] Task invest.tasks.update_tokenized_stock_prices[cc6fa784-88bc-4892-aee9-53889096045b] received
[2025-04-08 10:30:00,343: ERROR/MainProcess] Received unregistered task of type 'invest.tasks.check_stop_loss_and_take_profit'.
The message has been ignored and discarded.

Did you remember to import the module containing this task?
Or maybe you're using relative imports?

Please see
https://docs.celeryq.dev/en/latest/internals/protocol.html
for more information.

The full contents of the message body was:
b'[[], {}, {"callbacks": null, "errbacks": null, "chain": null, "chord": null}]' (77b)

The full contents of the message headers:
{'lang': 'py', 'task': 'invest.tasks.check_stop_loss_and_take_profit', 'id': '7f11cd5e-553e-444e-b39a-37bf1fe97188', 'shadow': None, 'eta': None, 'expires': None, 'group': None, 'group_index': None, 'retries': 0, 'timelimit': [None, None], 'root_id': '7f11cd5e-553e-444e-b39a-37bf1fe97188', 'parent_id': None, 'argsrepr': '()', 'kwargsrepr': '{}', 'origin': 'gen2491756@Swifwallet', 'ignore_result': False, 'replaced_task_nesting': 0, 'stamped_headers': None, 'stamps': {}, 'sentry-task-enqueued-time': 1744108200.2275538, 'sentry-trace': '544721f5550d4d7eb758229f560b803f-bc91b0ca342061db', 'baggage': 'sentry-trace_id=544721f5550d4d7eb758229f560b803f,sentry-environment=production,sentry-public_key=f634fed9af121dd7daee5a2dc3e1f7e4,sentry-sample_rate=1.0', 'headers': {'sentry-trace': '544721f5550d4d7eb758229f560b803f-bc91b0ca342061db', 'baggage': 'sentry-trace_id=544721f5550d4d7eb758229f560b803f,sentry-environment=production,sentry-public_key=f634fed9af121dd7daee5a2dc3e1f7e4,sentry-sample_rate=1.0', 'sentry-task-enqueued-time': 1744108200.2275538}}

The delivery info for this task is:
{'exchange': '', 'routing_key': 'celery'}
Traceback (most recent call last):
  File "/var/www/swif/venv/lib/python3.10/site-packages/celery/worker/consumer/consumer.py", line 659, in on_task_received
    strategy = strategies[type_]
KeyError: 'invest.tasks.check_stop_loss_and_take_profit'
[2025-04-08 10:30:00,442: ERROR/ForkPoolWorker-1] Price update failed: 'Server' object has no attribute 'requests'
[2025-04-08 10:30:00,480: ERROR/ForkPoolWorker-1] Price update failed: 'Server' object has no attribute 'requests'
[2025-04-08 10:30:00,545: INFO/MainProcess] Task invest.tasks.update_tokenized_stock_prices[77d52e3e-7d04-448e-920b-183f3c58ec0e] received
[2025-04-08 10:30:00,570: INFO/ForkPoolWorker-1] Task invest.tasks.update_tokenized_stock_prices[77d52e3e-7d04-448e-920b-183f3c58ec0e] retry: Retry in 300s: AttributeError("'Server' object has no attribute 'requests'")
[2025-04-08 10:30:00,725: ERROR/ForkPoolWorker-1] Price update failed: 'Server' object has no attribute 'requests'
[2025-04-08 10:30:00,740: ERROR/ForkPoolWorker-1] Price update failed: 'Server' object has no attribute 'requests'
[2025-04-08 10:30:00,797: INFO/ForkPoolWorker-1] Task invest.tasks.update_tokenized_stock_prices[cc6fa784-88bc-4892-aee9-53889096045b] retry: Retry in 300s: AttributeError("'Server' object has no attribute 'requests'")
[2025-04-08 10:35:00,566: ERROR/ForkPoolWorker-1] Price update failed: 'Server' object has no attribute 'requests'
[2025-04-08 10:35:00,580: ERROR/ForkPoolWorker-1] Price update failed: 'Server' object has no attribute 'requests'
[2025-04-08 10:35:00,604: INFO/MainProcess] Task invest.tasks.update_tokenized_stock_prices[77d52e3e-7d04-448e-920b-183f3c58ec0e] received
[2025-04-08 10:35:00,617: INFO/ForkPoolWorker-1] Task invest.tasks.update_tokenized_stock_prices[77d52e3e-7d04-448e-920b-183f3c58ec0e] retry: Retry in 300s: AttributeError("'Server' object has no attribute 'requests'")
[2025-04-08 10:35:00,780: INFO/MainProcess] Task invest.tasks.update_tokenized_stock_prices[cc6fa784-88bc-4892-aee9-53889096045b] received
[2025-04-08 10:40:00,672: ERROR/ForkPoolWorker-1] Price update failed: 'Server' object has no attribute 'requests'
[2025-04-08 10:40:00,688: ERROR/ForkPoolWorker-1] Price update failed: 'Server' object has no attribute 'requests'
[2025-04-08 10:40:00,715: INFO/ForkPoolWorker-1] Task invest.tasks.update_tokenized_stock_prices[77d52e3e-7d04-448e-920b-183f3c58ec0e] retry: Retry in 300s: AttributeError("'Server' object has no attribute 'requests'")
[2025-04-08 10:40:00,745: INFO/MainProcess] Task invest.tasks.update_tokenized_stock_prices[988b7d04-072a-401c-9ffa-e1769c6c9a4a] received
[2025-04-08 10:40:00,800: ERROR/ForkPoolWorker-1] Price update failed: 'Server' object has no attribute 'requests'
[2025-04-08 10:40:00,805: ERROR/ForkPoolWorker-1] Price update failed: 'Server' object has no attribute 'requests'
[2025-04-08 10:40:00,818: INFO/ForkPoolWorker-1] Task invest.tasks.update_tokenized_stock_prices[cc6fa784-88bc-4892-aee9-53889096045b] retry: Retry in 300s: AttributeError("'Server' object has no attribute 'requests'")
[2025-04-08 10:45:00,848: ERROR/ForkPoolWorker-1] Price update failed: 'Server' object has no attribute 'requests'
[2025-04-08 10:45:00,872: ERROR/ForkPoolWorker-1] Price update failed: 'Server' object has no attribute 'requests'
[2025-04-08 10:45:00,920: ERROR/ForkPoolWorker-1] Task invest.tasks.update_tokenized_stock_prices[988b7d04-072a-401c-9ffa-e1769c6c9a4a] raised unexpected: AttributeError("'Server' object has no attribute 'requests'")
Traceback (most recent call last):
  File "/var/www/swif/venv/lib/python3.10/site-packages/celery/app/trace.py", line 453, in trace_task
    R = retval = fun(*args, **kwargs)
  File "/var/www/swif/venv/lib/python3.10/site-packages/sentry_sdk/utils.py", line 1783, in runner
    return sentry_patched_function(*args, **kwargs)
  File "/var/www/swif/venv/lib/python3.10/site-packages/sentry_sdk/integrations/celery/__init__.py", line 415, in _inner
    reraise(*exc_info)
  File "/var/www/swif/venv/lib/python3.10/site-packages/sentry_sdk/utils.py", line 1718, in reraise
    raise value
  File "/var/www/swif/venv/lib/python3.10/site-packages/sentry_sdk/integrations/celery/__init__.py", line 410, in _inner
    return f(*args, **kwargs)
  File "/var/www/swif/venv/lib/python3.10/site-packages/celery/app/trace.py", line 736, in __protected_call__
    return self.run(*args, **kwargs)
  File "/var/www/swif/swif/invest/tasks.py", line 297, in update_tokenized_stock_prices
    raise update_tokenized_stock_prices.retry(exc=e, countdown=300)
  File "/var/www/swif/venv/lib/python3.10/site-packages/celery/app/task.py", line 736, in retry
    raise_with_context(exc)
  File "/var/www/swif/swif/invest/tasks.py", line 292, in update_tokenized_stock_prices
    updated = stellar_service.update_stock_prices()
  File "/usr/lib/python3.10/contextlib.py", line 79, in inner
    return func(*args, **kwds)
  File "/var/www/swif/swif/invest/services/stellar_utils.py", line 54, in update_stock_prices
    new_price = self.fetch_stellar_price(stock.symbol, stock.issuer_address)
  File "/var/www/swif/swif/invest/services/stellar_utils.py", line 31, in fetch_stellar_price
    response = self.server.requests.get(
AttributeError: 'Server' object has no attribute 'requests'
[2025-04-08 11:00:00,113: ERROR/MainProcess] Received unregistered task of type 'invest.tasks.check_stop_loss_and_take_profit'.
The message has been ignored and discarded.

Did you remember to import the module containing this task?
Or maybe you're using relative imports?

Please see
https://docs.celeryq.dev/en/latest/internals/protocol.html
for more information.

The full contents of the message body was:
b'[[], {}, {"callbacks": null, "errbacks": null, "chain": null, "chord": null}]' (77b)

The full contents of the message headers:
{'lang': 'py', 'task': 'invest.tasks.check_stop_loss_and_take_profit', 'id': 'aa1b6a1d-6ec2-440d-b3a9-2a284ca5a206', 'shadow': None, 'eta': None, 'expires': None, 'group': None, 'group_index': None, 'retries': 0, 'timelimit': [None, None], 'root_id': 'aa1b6a1d-6ec2-440d-b3a9-2a284ca5a206', 'parent_id': None, 'argsrepr': '()', 'kwargsrepr': '{}', 'origin': 'gen2491157@Swifwallet', 'ignore_result': False, 'replaced_task_nesting': 0, 'stamped_headers': None, 'stamps': {}, 'sentry-task-enqueued-time': 1744110000.0934138, 'sentry-trace': '7764939dfd3248b9bb7579a38b0e73a0-804deb43b6055534', 'baggage': 'sentry-trace_id=7764939dfd3248b9bb7579a38b0e73a0,sentry-environment=production,sentry-public_key=f634fed9af121dd7daee5a2dc3e1f7e4,sentry-sample_rate=1.0', 'headers': {'sentry-trace': '7764939dfd3248b9bb7579a38b0e73a0-804deb43b6055534', 'baggage': 'sentry-trace_id=7764939dfd3248b9bb7579a38b0e73a0,sentry-environment=production,sentry-public_key=f634fed9af121dd7daee5a2dc3e1f7e4,sentry-sample_rate=1.0', 'sentry-task-enqueued-time': 1744110000.0934138}}

The delivery info for this task is:
{'exchange': '', 'routing_key': 'celery'}
Traceback (most recent call last):
  File "/var/www/swif/venv/lib/python3.10/site-packages/celery/worker/consumer/consumer.py", line 659, in on_task_received
    strategy = strategies[type_]
KeyError: 'invest.tasks.check_stop_loss_and_take_profit'
[2025-04-08 11:00:00,252: INFO/MainProcess] Task invest.tasks.update_tokenized_stock_prices[b5a7532d-777e-4642-92d0-f049aadd0d8d] received
[2025-04-08 11:00:00,273: INFO/MainProcess] Task invest.tasks.update_tokenized_stock_prices[71d22869-ff83-4085-b7a8-9984989f77a9] received
[2025-04-08 11:00:00,304: ERROR/MainProcess] Received unregistered task of type 'invest.tasks.check_stop_loss_and_take_profit'.
The message has been ignored and discarded.

Did you remember to import the module containing this task?
Or maybe you're using relative imports?

Please see
https://docs.celeryq.dev/en/latest/internals/protocol.html
for more information.

The full contents of the message body was:
b'[[], {}, {"callbacks": null, "errbacks": null, "chain": null, "chord": null}]' (77b)

The full contents of the message headers:
{'lang': 'py', 'task': 'invest.tasks.check_stop_loss_and_take_profit', 'id': 'e39d3d0d-b698-480c-b16b-6de4d7ea3ab1', 'shadow': None, 'eta': None, 'expires': None, 'group': None, 'group_index': None, 'retries': 0, 'timelimit': [None, None], 'root_id': 'e39d3d0d-b698-480c-b16b-6de4d7ea3ab1', 'parent_id': None, 'argsrepr': '()', 'kwargsrepr': '{}', 'origin': 'gen2491801@Swifwallet', 'ignore_result': False, 'replaced_task_nesting': 0, 'stamped_headers': None, 'stamps': {}, 'sentry-task-enqueued-time': 1744110000.1630259, 'sentry-trace': 'fde996a61f184bc7914de480e54d1b8d-9d07ee648be73653', 'baggage': 'sentry-trace_id=fde996a61f184bc7914de480e54d1b8d,sentry-environment=production,sentry-public_key=f634fed9af121dd7daee5a2dc3e1f7e4,sentry-sample_rate=1.0', 'headers': {'sentry-trace': 'fde996a61f184bc7914de480e54d1b8d-9d07ee648be73653', 'baggage': 'sentry-trace_id=fde996a61f184bc7914de480e54d1b8d,sentry-environment=production,sentry-public_key=f634fed9af121dd7daee5a2dc3e1f7e4,sentry-sample_rate=1.0', 'sentry-task-enqueued-time': 1744110000.1630259}}

The delivery info for this task is:
{'exchange': '', 'routing_key': 'celery'}
Traceback (most recent call last):
  File "/var/www/swif/venv/lib/python3.10/site-packages/celery/worker/consumer/consumer.py", line 659, in on_task_received
    strategy = strategies[type_]
KeyError: 'invest.tasks.check_stop_loss_and_take_profit'
[2025-04-08 11:00:00,438: ERROR/ForkPoolWorker-1] Price update failed: 'Server' object has no attribute 'requests'
[2025-04-08 11:00:00,479: ERROR/ForkPoolWorker-1] Price update failed: 'Server' object has no attribute 'requests'
[2025-04-08 11:00:00,549: INFO/MainProcess] Task invest.tasks.update_tokenized_stock_prices[b5a7532d-777e-4642-92d0-f049aadd0d8d] received
[2025-04-08 11:00:00,581: INFO/ForkPoolWorker-1] Task invest.tasks.update_tokenized_stock_prices[b5a7532d-777e-4642-92d0-f049aadd0d8d] retry: Retry in 300s: AttributeError("'Server' object has no attribute 'requests'")
[2025-04-08 11:00:00,701: ERROR/ForkPoolWorker-1] Price update failed: 'Server' object has no attribute 'requests'
[2025-04-08 11:00:00,716: ERROR/ForkPoolWorker-1] Price update failed: 'Server' object has no attribute 'requests'
[2025-04-08 11:00:00,764: INFO/ForkPoolWorker-1] Task invest.tasks.update_tokenized_stock_prices[71d22869-ff83-4085-b7a8-9984989f77a9] retry: Retry in 300s: AttributeError("'Server' object has no attribute 'requests'")
[2025-04-08 11:05:00,494: INFO/MainProcess] Task invest.tasks.update_tokenized_stock_prices[c77cb886-11cf-462c-88ff-3f4fda739da3] received
[2025-04-08 11:05:00,550: ERROR/ForkPoolWorker-1] Price update failed: 'Server' object has no attribute 'requests'
[2025-04-08 11:05:00,558: ERROR/ForkPoolWorker-1] Price update failed: 'Server' object has no attribute 'requests'
[2025-04-08 11:05:00,581: INFO/ForkPoolWorker-1] Task invest.tasks.update_tokenized_stock_prices[b5a7532d-777e-4642-92d0-f049aadd0d8d] retry: Retry in 300s: AttributeError("'Server' object has no attribute 'requests'")
[2025-04-08 11:05:00,756: INFO/MainProcess] Task invest.tasks.update_tokenized_stock_prices[71d22869-ff83-4085-b7a8-9984989f77a9] received
[2025-04-08 11:10:00,635: ERROR/ForkPoolWorker-1] Price update failed: 'Server' object has no attribute 'requests'
[2025-04-08 11:10:00,670: ERROR/ForkPoolWorker-1] Price update failed: 'Server' object has no attribute 'requests'
[2025-04-08 11:10:00,721: INFO/ForkPoolWorker-1] Task invest.tasks.update_tokenized_stock_prices[c77cb886-11cf-462c-88ff-3f4fda739da3] retry: Retry in 300s: AttributeError("'Server' object has no attribute 'requests'")
[2025-04-08 11:10:00,817: ERROR/ForkPoolWorker-1] Price update failed: 'Server' object has no attribute 'requests'
[2025-04-08 11:10:00,827: ERROR/ForkPoolWorker-1] Price update failed: 'Server' object has no attribute 'requests'
[2025-04-08 11:10:00,852: INFO/MainProcess] Task invest.tasks.update_tokenized_stock_prices[b5a7532d-777e-4642-92d0-f049aadd0d8d] received
[2025-04-08 11:10:00,872: INFO/ForkPoolWorker-1] Task invest.tasks.update_tokenized_stock_prices[71d22869-ff83-4085-b7a8-9984989f77a9] retry: Retry in 300s: AttributeError("'Server' object has no attribute 'requests'")
[2025-04-08 11:15:00,911: ERROR/ForkPoolWorker-1] Price update failed: 'Server' object has no attribute 'requests'
[2025-04-08 11:15:00,936: ERROR/ForkPoolWorker-1] Price update failed: 'Server' object has no attribute 'requests'
[2025-04-08 11:15:00,985: ERROR/ForkPoolWorker-1] Task invest.tasks.update_tokenized_stock_prices[b5a7532d-777e-4642-92d0-f049aadd0d8d] raised unexpected: AttributeError("'Server' object has no attribute 'requests'")
Traceback (most recent call last):
  File "/var/www/swif/venv/lib/python3.10/site-packages/celery/app/trace.py", line 453, in trace_task
    R = retval = fun(*args, **kwargs)
  File "/var/www/swif/venv/lib/python3.10/site-packages/sentry_sdk/utils.py", line 1783, in runner
    return sentry_patched_function(*args, **kwargs)
  File "/var/www/swif/venv/lib/python3.10/site-packages/sentry_sdk/integrations/celery/__init__.py", line 415, in _inner
    reraise(*exc_info)
  File "/var/www/swif/venv/lib/python3.10/site-packages/sentry_sdk/utils.py", line 1718, in reraise
    raise value
  File "/var/www/swif/venv/lib/python3.10/site-packages/sentry_sdk/integrations/celery/__init__.py", line 410, in _inner
    return f(*args, **kwargs)
  File "/var/www/swif/venv/lib/python3.10/site-packages/celery/app/trace.py", line 736, in __protected_call__
    return self.run(*args, **kwargs)
  File "/var/www/swif/swif/invest/tasks.py", line 297, in update_tokenized_stock_prices
    logger.error(f"Price update failed: {str(e)}")
  File "/var/www/swif/venv/lib/python3.10/site-packages/celery/app/task.py", line 736, in retry
    raise_with_context(exc)
  File "/var/www/swif/swif/invest/tasks.py", line 292, in update_tokenized_stock_prices
    try:
  File "/usr/lib/python3.10/contextlib.py", line 79, in inner
    return func(*args, **kwds)
  File "/var/www/swif/swif/invest/services/stellar_utils.py", line 54, in update_stock_prices
    new_price = self.fetch_stellar_price(stock.symbol, stock.issuer_address)
  File "/var/www/swif/swif/invest/services/stellar_utils.py", line 31, in fetch_stellar_price
    response = self.server.requests.get(
AttributeError: 'Server' object has no attribute 'requests'
[2025-04-08 11:30:00,119: ERROR/MainProcess] Received unregistered task of type 'invest.tasks.check_stop_loss_and_take_profit'.
The message has been ignored and discarded.

Did you remember to import the module containing this task?
Or maybe you're using relative imports?

Please see
https://docs.celeryq.dev/en/latest/internals/protocol.html
for more information.

The full contents of the message body was:
b'[[], {}, {"callbacks": null, "errbacks": null, "chain": null, "chord": null}]' (77b)

The full contents of the message headers:
{'lang': 'py', 'task': 'invest.tasks.check_stop_loss_and_take_profit', 'id': '85ed811a-f595-4d52-91a7-81b39f9e5e71', 'shadow': None, 'eta': None, 'expires': None, 'group': None, 'group_index': None, 'retries': 0, 'timelimit': [None, None], 'root_id': '85ed811a-f595-4d52-91a7-81b39f9e5e71', 'parent_id': None, 'argsrepr': '()', 'kwargsrepr': '{}', 'origin': 'gen2491801@Swifwallet', 'ignore_result': False, 'replaced_task_nesting': 0, 'stamped_headers': None, 'stamps': {}, 'sentry-task-enqueued-time': 1744111800.1014647, 'sentry-trace': 'c13c862aaea848d0b295aee57065a171-8a261214433464d7', 'baggage': 'sentry-trace_id=c13c862aaea848d0b295aee57065a171,sentry-environment=production,sentry-public_key=f634fed9af121dd7daee5a2dc3e1f7e4,sentry-sample_rate=1.0', 'headers': {'sentry-trace': 'c13c862aaea848d0b295aee57065a171-8a261214433464d7', 'baggage': 'sentry-trace_id=c13c862aaea848d0b295aee57065a171,sentry-environment=production,sentry-public_key=f634fed9af121dd7daee5a2dc3e1f7e4,sentry-sample_rate=1.0', 'sentry-task-enqueued-time': 1744111800.1014647}}

The delivery info for this task is:
{'exchange': '', 'routing_key': 'celery'}
Traceback (most recent call last):
  File "/var/www/swif/venv/lib/python3.10/site-packages/celery/worker/consumer/consumer.py", line 659, in on_task_received
    strategy = strategies[type_]
KeyError: 'invest.tasks.check_stop_loss_and_take_profit'
[2025-04-08 11:30:00,361: INFO/MainProcess] Task invest.tasks.update_tokenized_stock_prices[59437d34-4371-4e36-8308-381fa0e82b46] received
[2025-04-08 11:30:00,439: INFO/MainProcess] Task invest.tasks.update_tokenized_stock_prices[b786dad6-bff1-41cf-8312-eea58363dcef] received
[2025-04-08 11:30:00,460: INFO/MainProcess] Task invest.tasks.update_tokenized_stock_prices[e5686a99-5dd5-44f3-8690-615f1e0fc965] received
[2025-04-08 11:30:00,483: ERROR/MainProcess] Received unregistered task of type 'invest.tasks.check_stop_loss_and_take_profit'.
The message has been ignored and discarded.

Did you remember to import the module containing this task?
Or maybe you're using relative imports?

Please see
https://docs.celeryq.dev/en/latest/internals/protocol.html
for more information.

The full contents of the message body was:
b'[[], {}, {"callbacks": null, "errbacks": null, "chain": null, "chord": null}]' (77b)

The full contents of the message headers:
{'lang': 'py', 'task': 'invest.tasks.check_stop_loss_and_take_profit', 'id': 'ef5846fe-9f9b-43ea-bd03-8820c9089461', 'shadow': None, 'eta': None, 'expires': None, 'group': None, 'group_index': None, 'retries': 0, 'timelimit': [None, None], 'root_id': 'ef5846fe-9f9b-43ea-bd03-8820c9089461', 'parent_id': None, 'argsrepr': '()', 'kwargsrepr': '{}', 'origin': 'gen2491756@Swifwallet', 'ignore_result': False, 'replaced_task_nesting': 0, 'stamped_headers': None, 'stamps': {}, 'sentry-task-enqueued-time': 1744111800.4686315, 'sentry-trace': '7ee43894081b46568d07772cf3e78fdc-b8c1e788e873702e', 'baggage': 'sentry-trace_id=7ee43894081b46568d07772cf3e78fdc,sentry-environment=production,sentry-public_key=f634fed9af121dd7daee5a2dc3e1f7e4,sentry-sample_rate=1.0', 'headers': {'sentry-trace': '7ee43894081b46568d07772cf3e78fdc-b8c1e788e873702e', 'baggage': 'sentry-trace_id=7ee43894081b46568d07772cf3e78fdc,sentry-environment=production,sentry-public_key=f634fed9af121dd7daee5a2dc3e1f7e4,sentry-sample_rate=1.0', 'sentry-task-enqueued-time': 1744111800.4686315}}

The delivery info for this task is:
{'exchange': '', 'routing_key': 'celery'}
Traceback (most recent call last):
  File "/var/www/swif/venv/lib/python3.10/site-packages/celery/worker/consumer/consumer.py", line 659, in on_task_received
    strategy = strategies[type_]
KeyError: 'invest.tasks.check_stop_loss_and_take_profit'
[2025-04-08 11:30:00,540: ERROR/ForkPoolWorker-1] Price update failed: 'Server' object has no attribute 'requests'
[2025-04-08 11:30:00,604: ERROR/ForkPoolWorker-1] Price update failed: 'Server' object has no attribute 'requests'
[2025-04-08 11:30:00,680: INFO/ForkPoolWorker-1] Task invest.tasks.update_tokenized_stock_prices[59437d34-4371-4e36-8308-381fa0e82b46] retry: Retry in 300s: AttributeError("'Server' object has no attribute 'requests'")
[2025-04-08 11:30:00,813: ERROR/ForkPoolWorker-1] Price update failed: 'Server' object has no attribute 'requests'
[2025-04-08 11:30:00,828: ERROR/ForkPoolWorker-1] Price update failed: 'Server' object has no attribute 'requests'
[2025-04-08 11:30:00,869: INFO/MainProcess] Task invest.tasks.update_tokenized_stock_prices[b786dad6-bff1-41cf-8312-eea58363dcef] received
[2025-04-08 11:30:00,888: INFO/ForkPoolWorker-1] Task invest.tasks.update_tokenized_stock_prices[b786dad6-bff1-41cf-8312-eea58363dcef] retry: Retry in 300s: AttributeError("'Server' object has no attribute 'requests'")
[2025-04-08 11:35:00,462: ERROR/ForkPoolWorker-1] Price update failed: 'Server' object has no attribute 'requests'
[2025-04-08 11:35:00,477: ERROR/ForkPoolWorker-1] Price update failed: 'Server' object has no attribute 'requests'
[2025-04-08 11:35:00,503: INFO/ForkPoolWorker-1] Task invest.tasks.update_tokenized_stock_prices[e5686a99-5dd5-44f3-8690-615f1e0fc965] retry: Retry in 300s: AttributeError("'Server' object has no attribute 'requests'")
[2025-04-08 11:35:00,697: INFO/MainProcess] Task invest.tasks.update_tokenized_stock_prices[59437d34-4371-4e36-8308-381fa0e82b46] received
[2025-04-08 11:35:00,856: ERROR/ForkPoolWorker-1] Price update failed: 'Server' object has no attribute 'requests'
[2025-04-08 11:35:00,861: ERROR/ForkPoolWorker-1] Price update failed: 'Server' object has no attribute 'requests'
[2025-04-08 11:35:00,875: INFO/ForkPoolWorker-1] Task invest.tasks.update_tokenized_stock_prices[b786dad6-bff1-41cf-8312-eea58363dcef] retry: Retry in 300s: AttributeError("'Server' object has no attribute 'requests'")
[2025-04-08 11:40:00,550: INFO/MainProcess] Task invest.tasks.update_tokenized_stock_prices[e5686a99-5dd5-44f3-8690-615f1e0fc965] received
[2025-04-08 11:40:00,724: ERROR/ForkPoolWorker-1] Price update failed: 'Server' object has no attribute 'requests'
[2025-04-08 11:40:00,731: ERROR/ForkPoolWorker-1] Price update failed: 'Server' object has no attribute 'requests'
[2025-04-08 11:40:00,748: INFO/ForkPoolWorker-1] Task invest.tasks.update_tokenized_stock_prices[59437d34-4371-4e36-8308-381fa0e82b46] retry: Retry in 300s: AttributeError("'Server' object has no attribute 'requests'")
[2025-04-08 11:40:00,900: INFO/MainProcess] Task invest.tasks.update_tokenized_stock_prices[b786dad6-bff1-41cf-8312-eea58363dcef] received
[2025-04-08 11:45:00,588: ERROR/ForkPoolWorker-1] Price update failed: 'Server' object has no attribute 'requests'
[2025-04-08 11:45:00,597: ERROR/ForkPoolWorker-1] Price update failed: 'Server' object has no attribute 'requests'
[2025-04-08 11:45:00,627: ERROR/ForkPoolWorker-1] Task invest.tasks.update_tokenized_stock_prices[e5686a99-5dd5-44f3-8690-615f1e0fc965] raised unexpected: AttributeError("'Server' object has no attribute 'requests'")
Traceback (most recent call last):
  File "/var/www/swif/venv/lib/python3.10/site-packages/celery/app/trace.py", line 453, in trace_task
    R = retval = fun(*args, **kwargs)
  File "/var/www/swif/venv/lib/python3.10/site-packages/sentry_sdk/utils.py", line 1783, in runner
    return sentry_patched_function(*args, **kwargs)
  File "/var/www/swif/venv/lib/python3.10/site-packages/sentry_sdk/integrations/celery/__init__.py", line 415, in _inner
    reraise(*exc_info)
  File "/var/www/swif/venv/lib/python3.10/site-packages/sentry_sdk/utils.py", line 1718, in reraise
    raise value
  File "/var/www/swif/venv/lib/python3.10/site-packages/sentry_sdk/integrations/celery/__init__.py", line 410, in _inner
    return f(*args, **kwargs)
  File "/var/www/swif/venv/lib/python3.10/site-packages/celery/app/trace.py", line 736, in __protected_call__
    return self.run(*args, **kwargs)
  File "/var/www/swif/swif/invest/tasks.py", line 297, in update_tokenized_stock_prices
    logger.error(f"Price update failed: {str(e)}")
  File "/var/www/swif/venv/lib/python3.10/site-packages/celery/app/task.py", line 736, in retry
    raise_with_context(exc)
  File "/var/www/swif/swif/invest/tasks.py", line 292, in update_tokenized_stock_prices
    try:
  File "/usr/lib/python3.10/contextlib.py", line 79, in inner
    return func(*args, **kwds)
  File "/var/www/swif/swif/invest/services/stellar_utils.py", line 54, in update_stock_prices
    return len(updates)
  File "/var/www/swif/swif/invest/services/stellar_utils.py", line 31, in fetch_stellar_price
    return None
AttributeError: 'Server' object has no attribute 'requests'
[2025-04-08 11:45:00,921: ERROR/ForkPoolWorker-1] Price update failed: 'Server' object has no attribute 'requests'
[2025-04-08 11:45:00,926: ERROR/ForkPoolWorker-1] Price update failed: 'Server' object has no attribute 'requests'
[2025-04-08 11:45:00,940: ERROR/ForkPoolWorker-1] Task invest.tasks.update_tokenized_stock_prices[b786dad6-bff1-41cf-8312-eea58363dcef] raised unexpected: AttributeError("'Server' object has no attribute 'requests'")
Traceback (most recent call last):
  File "/var/www/swif/venv/lib/python3.10/site-packages/celery/app/trace.py", line 453, in trace_task
    R = retval = fun(*args, **kwargs)
  File "/var/www/swif/venv/lib/python3.10/site-packages/sentry_sdk/utils.py", line 1783, in runner
    return sentry_patched_function(*args, **kwargs)
  File "/var/www/swif/venv/lib/python3.10/site-packages/sentry_sdk/integrations/celery/__init__.py", line 415, in _inner
    reraise(*exc_info)
  File "/var/www/swif/venv/lib/python3.10/site-packages/sentry_sdk/utils.py", line 1718, in reraise
    raise value
  File "/var/www/swif/venv/lib/python3.10/site-packages/sentry_sdk/integrations/celery/__init__.py", line 410, in _inner
    return f(*args, **kwargs)
  File "/var/www/swif/venv/lib/python3.10/site-packages/celery/app/trace.py", line 736, in __protected_call__
    return self.run(*args, **kwargs)
  File "/var/www/swif/swif/invest/tasks.py", line 297, in update_tokenized_stock_prices
    logger.error(f"Price update failed: {str(e)}")
  File "/var/www/swif/venv/lib/python3.10/site-packages/celery/app/task.py", line 736, in retry
    raise_with_context(exc)
  File "/var/www/swif/swif/invest/tasks.py", line 292, in update_tokenized_stock_prices
    try:
  File "/usr/lib/python3.10/contextlib.py", line 79, in inner
    return func(*args, **kwds)
  File "/var/www/swif/swif/invest/services/stellar_utils.py", line 54, in update_stock_prices
    return len(updates)
  File "/var/www/swif/swif/invest/services/stellar_utils.py", line 31, in fetch_stellar_price
    return None
AttributeError: 'Server' object has no attribute 'requests'
[2025-04-08 12:00:00,139: INFO/MainProcess] Task invest.tasks.update_tokenized_stock_prices[c69a357b-9faa-4141-8812-d287add093c3] received
[2025-04-08 12:00:00,166: ERROR/MainProcess] Received unregistered task of type 'invest.tasks.check_stop_loss_and_take_profit'.
The message has been ignored and discarded.

Did you remember to import the module containing this task?
Or maybe you're using relative imports?

Please see
https://docs.celeryq.dev/en/latest/internals/protocol.html
for more information.

The full contents of the message body was:
b'[[], {}, {"callbacks": null, "errbacks": null, "chain": null, "chord": null}]' (77b)

The full contents of the message headers:
{'lang': 'py', 'task': 'invest.tasks.check_stop_loss_and_take_profit', 'id': '63cd0c2b-5844-467f-9321-8f65c7bcd287', 'shadow': None, 'eta': None, 'expires': None, 'group': None, 'group_index': None, 'retries': 0, 'timelimit': [None, None], 'root_id': '63cd0c2b-5844-467f-9321-8f65c7bcd287', 'parent_id': None, 'argsrepr': '()', 'kwargsrepr': '{}', 'origin': 'gen2491756@Swifwallet', 'ignore_result': False, 'replaced_task_nesting': 0, 'stamped_headers': None, 'stamps': {}, 'sentry-task-enqueued-time': 1744113600.1166134, 'sentry-trace': '7d62b33ca3fb46028270b0ed3f9ab572-8121bf1cc3b14f75', 'baggage': 'sentry-trace_id=7d62b33ca3fb46028270b0ed3f9ab572,sentry-environment=production,sentry-public_key=f634fed9af121dd7daee5a2dc3e1f7e4,sentry-sample_rate=1.0', 'headers': {'sentry-trace': '7d62b33ca3fb46028270b0ed3f9ab572-8121bf1cc3b14f75', 'baggage': 'sentry-trace_id=7d62b33ca3fb46028270b0ed3f9ab572,sentry-environment=production,sentry-public_key=f634fed9af121dd7daee5a2dc3e1f7e4,sentry-sample_rate=1.0', 'sentry-task-enqueued-time': 1744113600.1166134}}

The delivery info for this task is:
{'exchange': '', 'routing_key': 'celery'}
Traceback (most recent call last):
  File "/var/www/swif/venv/lib/python3.10/site-packages/celery/worker/consumer/consumer.py", line 659, in on_task_received
    strategy = strategies[type_]
KeyError: 'invest.tasks.check_stop_loss_and_take_profit'
[2025-04-08 12:00:00,287: ERROR/ForkPoolWorker-1] Price update failed: 'Server' object has no attribute 'requests'
[2025-04-08 12:00:00,312: ERROR/ForkPoolWorker-1] Price update failed: 'Server' object has no attribute 'requests'
[2025-04-08 12:00:00,377: INFO/MainProcess] Task invest.tasks.update_tokenized_stock_prices[c69a357b-9faa-4141-8812-d287add093c3] received
[2025-04-08 12:00:00,408: INFO/ForkPoolWorker-1] Task invest.tasks.update_tokenized_stock_prices[c69a357b-9faa-4141-8812-d287add093c3] retry: Retry in 300s: AttributeError("'Server' object has no attribute 'requests'")
[2025-04-08 12:00:00,497: INFO/MainProcess] Task invest.tasks.update_tokenized_stock_prices[112457ee-0955-4073-a554-506e6310378c] received
[2025-04-08 12:05:00,386: ERROR/ForkPoolWorker-1] Price update failed: 'Server' object has no attribute 'requests'
[2025-04-08 12:05:00,395: ERROR/ForkPoolWorker-1] Price update failed: 'Server' object has no attribute 'requests'
[2025-04-08 12:05:00,404: INFO/MainProcess] Task invest.tasks.update_tokenized_stock_prices[c69a357b-9faa-4141-8812-d287add093c3] received
[2025-04-08 12:05:00,414: INFO/ForkPoolWorker-1] Task invest.tasks.update_tokenized_stock_prices[c69a357b-9faa-4141-8812-d287add093c3] retry: Retry in 300s: AttributeError("'Server' object has no attribute 'requests'")
[2025-04-08 12:05:00,503: ERROR/ForkPoolWorker-1] Price update failed: 'Server' object has no attribute 'requests'
[2025-04-08 12:05:00,509: ERROR/ForkPoolWorker-1] Price update failed: 'Server' object has no attribute 'requests'
[2025-04-08 12:05:00,531: INFO/ForkPoolWorker-1] Task invest.tasks.update_tokenized_stock_prices[112457ee-0955-4073-a554-506e6310378c] retry: Retry in 300s: AttributeError("'Server' object has no attribute 'requests'")
[2025-04-08 12:05:00,749: INFO/MainProcess] Task invest.tasks.update_tokenized_stock_prices[0ea007fb-e1b9-4c9a-bff8-6fa85c18217f] received
[2025-04-08 12:10:00,468: ERROR/ForkPoolWorker-1] Price update failed: 'Server' object has no attribute 'requests'
[2025-04-08 12:10:00,479: ERROR/ForkPoolWorker-1] Price update failed: 'Server' object has no attribute 'requests'
[2025-04-08 12:10:00,506: INFO/ForkPoolWorker-1] Task invest.tasks.update_tokenized_stock_prices[c69a357b-9faa-4141-8812-d287add093c3] retry: Retry in 300s: AttributeError("'Server' object has no attribute 'requests'")
[2025-04-08 12:10:00,608: INFO/MainProcess] Task invest.tasks.update_tokenized_stock_prices[112457ee-0955-4073-a554-506e6310378c] received
[2025-04-08 12:10:00,762: ERROR/ForkPoolWorker-1] Price update failed: 'Server' object has no attribute 'requests'
[2025-04-08 12:10:00,767: ERROR/ForkPoolWorker-1] Price update failed: 'Server' object has no attribute 'requests'
[2025-04-08 12:10:00,780: INFO/ForkPoolWorker-1] Task invest.tasks.update_tokenized_stock_prices[0ea007fb-e1b9-4c9a-bff8-6fa85c18217f] retry: Retry in 300s: AttributeError("'Server' object has no attribute 'requests'")
[2025-04-08 12:15:00,627: ERROR/ForkPoolWorker-1] Price update failed: 'Server' object has no attribute 'requests'
[2025-04-08 12:15:00,634: ERROR/ForkPoolWorker-1] Price update failed: 'Server' object has no attribute 'requests'
[2025-04-08 12:15:00,652: ERROR/ForkPoolWorker-1] Task invest.tasks.update_tokenized_stock_prices[112457ee-0955-4073-a554-506e6310378c] raised unexpected: AttributeError("'Server' object has no attribute 'requests'")
Traceback (most recent call last):
  File "/var/www/swif/venv/lib/python3.10/site-packages/celery/app/trace.py", line 453, in trace_task
    R = retval = fun(*args, **kwargs)
  File "/var/www/swif/venv/lib/python3.10/site-packages/sentry_sdk/utils.py", line 1783, in runner
    return sentry_patched_function(*args, **kwargs)
  File "/var/www/swif/venv/lib/python3.10/site-packages/sentry_sdk/integrations/celery/__init__.py", line 415, in _inner
    reraise(*exc_info)
  File "/var/www/swif/venv/lib/python3.10/site-packages/sentry_sdk/utils.py", line 1718, in reraise
    raise value
  File "/var/www/swif/venv/lib/python3.10/site-packages/sentry_sdk/integrations/celery/__init__.py", line 410, in _inner
    return f(*args, **kwargs)
  File "/var/www/swif/venv/lib/python3.10/site-packages/celery/app/trace.py", line 736, in __protected_call__
    return self.run(*args, **kwargs)
  File "/var/www/swif/swif/invest/tasks.py", line 297, in update_tokenized_stock_prices
    logger.error(f"Price update failed: {str(e)}")
  File "/var/www/swif/venv/lib/python3.10/site-packages/celery/app/task.py", line 736, in retry
    raise_with_context(exc)
  File "/var/www/swif/swif/invest/tasks.py", line 292, in update_tokenized_stock_prices
    try:
  File "/usr/lib/python3.10/contextlib.py", line 79, in inner
    return func(*args, **kwds)
  File "/var/www/swif/swif/invest/services/stellar_utils.py", line 54, in update_stock_prices
    return len(updates)
  File "/var/www/swif/swif/invest/services/stellar_utils.py", line 31, in fetch_stellar_price
    return None
AttributeError: 'Server' object has no attribute 'requests'
[2025-04-08 12:30:00,126: ERROR/MainProcess] Received unregistered task of type 'invest.tasks.check_stop_loss_and_take_profit'.
The message has been ignored and discarded.

Did you remember to import the module containing this task?
Or maybe you're using relative imports?

Please see
https://docs.celeryq.dev/en/latest/internals/protocol.html
for more information.

The full contents of the message body was:
b'[[], {}, {"callbacks": null, "errbacks": null, "chain": null, "chord": null}]' (77b)

The full contents of the message headers:
{'lang': 'py', 'task': 'invest.tasks.check_stop_loss_and_take_profit', 'id': 'f78e7dbe-840f-46d1-97ac-91f07fd9a884', 'shadow': None, 'eta': None, 'expires': None, 'group': None, 'group_index': None, 'retries': 0, 'timelimit': [None, None], 'root_id': 'f78e7dbe-840f-46d1-97ac-91f07fd9a884', 'parent_id': None, 'argsrepr': '()', 'kwargsrepr': '{}', 'origin': 'gen2491801@Swifwallet', 'ignore_result': False, 'replaced_task_nesting': 0, 'stamped_headers': None, 'stamps': {}, 'sentry-task-enqueued-time': 1744115400.0720303, 'sentry-trace': '1bad4d51d28f4456ac835dc48066ebc7-92488eff1cc6b10a', 'baggage': 'sentry-trace_id=1bad4d51d28f4456ac835dc48066ebc7,sentry-environment=production,sentry-public_key=f634fed9af121dd7daee5a2dc3e1f7e4,sentry-sample_rate=1.0', 'headers': {'sentry-trace': '1bad4d51d28f4456ac835dc48066ebc7-92488eff1cc6b10a', 'baggage': 'sentry-trace_id=1bad4d51d28f4456ac835dc48066ebc7,sentry-environment=production,sentry-public_key=f634fed9af121dd7daee5a2dc3e1f7e4,sentry-sample_rate=1.0', 'sentry-task-enqueued-time': 1744115400.0720303}}

The delivery info for this task is:
{'exchange': '', 'routing_key': 'celery'}
Traceback (most recent call last):
  File "/var/www/swif/venv/lib/python3.10/site-packages/celery/worker/consumer/consumer.py", line 659, in on_task_received
    strategy = strategies[type_]
KeyError: 'invest.tasks.check_stop_loss_and_take_profit'
[2025-04-08 12:30:00,222: INFO/MainProcess] Task invest.tasks.update_tokenized_stock_prices[55b3c24d-68d3-4ec3-a019-6e89d7d1ea1b] received
[2025-04-08 12:30:00,240: ERROR/MainProcess] Received unregistered task of type 'invest.tasks.check_stop_loss_and_take_profit'.
The message has been ignored and discarded.

Did you remember to import the module containing this task?
Or maybe you're using relative imports?

Please see
https://docs.celeryq.dev/en/latest/internals/protocol.html
for more information.

The full contents of the message body was:
b'[[], {}, {"callbacks": null, "errbacks": null, "chain": null, "chord": null}]' (77b)

The full contents of the message headers:
{'lang': 'py', 'task': 'invest.tasks.check_stop_loss_and_take_profit', 'id': '3a2b7f24-17e0-402a-9c43-13e6d2bc43bf', 'shadow': None, 'eta': None, 'expires': None, 'group': None, 'group_index': None, 'retries': 0, 'timelimit': [None, None], 'root_id': '3a2b7f24-17e0-402a-9c43-13e6d2bc43bf', 'parent_id': None, 'argsrepr': '()', 'kwargsrepr': '{}', 'origin': 'gen2491157@Swifwallet', 'ignore_result': False, 'replaced_task_nesting': 0, 'stamped_headers': None, 'stamps': {}, 'sentry-task-enqueued-time': 1744115400.090292, 'sentry-trace': '20beaf152bc144c7adc58490a16e96cf-af67cc244c7bc389', 'baggage': 'sentry-trace_id=20beaf152bc144c7adc58490a16e96cf,sentry-environment=production,sentry-public_key=f634fed9af121dd7daee5a2dc3e1f7e4,sentry-sample_rate=1.0', 'headers': {'sentry-trace': '20beaf152bc144c7adc58490a16e96cf-af67cc244c7bc389', 'baggage': 'sentry-trace_id=20beaf152bc144c7adc58490a16e96cf,sentry-environment=production,sentry-public_key=f634fed9af121dd7daee5a2dc3e1f7e4,sentry-sample_rate=1.0', 'sentry-task-enqueued-time': 1744115400.090292}}

The delivery info for this task is:
{'exchange': '', 'routing_key': 'celery'}
Traceback (most recent call last):
  File "/var/www/swif/venv/lib/python3.10/site-packages/celery/worker/consumer/consumer.py", line 659, in on_task_received
    strategy = strategies[type_]
KeyError: 'invest.tasks.check_stop_loss_and_take_profit'
[2025-04-08 12:30:00,370: ERROR/ForkPoolWorker-1] Price update failed: 'Server' object has no attribute 'requests'
[2025-04-08 12:30:00,409: ERROR/ForkPoolWorker-1] Price update failed: 'Server' object has no attribute 'requests'
[2025-04-08 12:30:00,477: INFO/MainProcess] Task invest.tasks.update_tokenized_stock_prices[64eeaf6f-2ccd-4b17-a603-f909c748a02a] received
[2025-04-08 12:30:00,478: INFO/ForkPoolWorker-1] Task invest.tasks.update_tokenized_stock_prices[55b3c24d-68d3-4ec3-a019-6e89d7d1ea1b] retry: Retry in 300s: AttributeError("'Server' object has no attribute 'requests'")
[2025-04-08 12:35:00,525: ERROR/ForkPoolWorker-1] Price update failed: 'Server' object has no attribute 'requests'
[2025-04-08 12:35:00,544: ERROR/ForkPoolWorker-1] Price update failed: 'Server' object has no attribute 'requests'
[2025-04-08 12:35:00,559: INFO/MainProcess] Task invest.tasks.update_tokenized_stock_prices[55b3c24d-68d3-4ec3-a019-6e89d7d1ea1b] received
[2025-04-08 12:35:00,577: INFO/ForkPoolWorker-1] Task invest.tasks.update_tokenized_stock_prices[64eeaf6f-2ccd-4b17-a603-f909c748a02a] retry: Retry in 300s: AttributeError("'Server' object has no attribute 'requests'")
[2025-04-08 12:35:00,713: INFO/MainProcess] Task invest.tasks.update_tokenized_stock_prices[55901a5d-2e23-4a0a-84b8-845ffb828453] received
[2025-04-08 12:40:00,606: ERROR/ForkPoolWorker-1] Price update failed: 'Server' object has no attribute 'requests'
[2025-04-08 12:40:00,621: ERROR/ForkPoolWorker-1] Price update failed: 'Server' object has no attribute 'requests'
[2025-04-08 12:40:00,649: INFO/ForkPoolWorker-1] Task invest.tasks.update_tokenized_stock_prices[55b3c24d-68d3-4ec3-a019-6e89d7d1ea1b] retry: Retry in 300s: AttributeError("'Server' object has no attribute 'requests'")
[2025-04-08 12:40:00,680: INFO/MainProcess] Task invest.tasks.update_tokenized_stock_prices[64eeaf6f-2ccd-4b17-a603-f909c748a02a] received
[2025-04-08 12:40:00,733: ERROR/ForkPoolWorker-1] Price update failed: 'Server' object has no attribute 'requests'
[2025-04-08 12:40:00,737: ERROR/ForkPoolWorker-1] Price update failed: 'Server' object has no attribute 'requests'
[2025-04-08 12:40:00,749: INFO/ForkPoolWorker-1] Task invest.tasks.update_tokenized_stock_prices[55901a5d-2e23-4a0a-84b8-845ffb828453] retry: Retry in 300s: AttributeError("'Server' object has no attribute 'requests'")
[2025-04-08 12:45:00,757: ERROR/ForkPoolWorker-1] Price update failed: 'Server' object has no attribute 'requests'
[2025-04-08 12:45:00,782: ERROR/ForkPoolWorker-1] Price update failed: 'Server' object has no attribute 'requests'
[2025-04-08 12:45:00,824: ERROR/ForkPoolWorker-1] Task invest.tasks.update_tokenized_stock_prices[64eeaf6f-2ccd-4b17-a603-f909c748a02a] raised unexpected: AttributeError("'Server' object has no attribute 'requests'")
Traceback (most recent call last):
  File "/var/www/swif/venv/lib/python3.10/site-packages/celery/app/trace.py", line 453, in trace_task
    R = retval = fun(*args, **kwargs)
  File "/var/www/swif/venv/lib/python3.10/site-packages/sentry_sdk/utils.py", line 1783, in runner
    return sentry_patched_function(*args, **kwargs)
  File "/var/www/swif/venv/lib/python3.10/site-packages/sentry_sdk/integrations/celery/__init__.py", line 415, in _inner
    reraise(*exc_info)
  File "/var/www/swif/venv/lib/python3.10/site-packages/sentry_sdk/utils.py", line 1718, in reraise
    raise value
  File "/var/www/swif/venv/lib/python3.10/site-packages/sentry_sdk/integrations/celery/__init__.py", line 410, in _inner
    return f(*args, **kwargs)
  File "/var/www/swif/venv/lib/python3.10/site-packages/celery/app/trace.py", line 736, in __protected_call__
    return self.run(*args, **kwargs)
  File "/var/www/swif/swif/invest/tasks.py", line 297, in update_tokenized_stock_prices
    logger.error(f"Price update failed: {str(e)}")
  File "/var/www/swif/venv/lib/python3.10/site-packages/celery/app/task.py", line 736, in retry
    raise_with_context(exc)
  File "/var/www/swif/swif/invest/tasks.py", line 292, in update_tokenized_stock_prices
    try:
  File "/usr/lib/python3.10/contextlib.py", line 79, in inner
    return func(*args, **kwds)
  File "/var/www/swif/swif/invest/services/stellar_utils.py", line 54, in update_stock_prices
    return len(updates)
  File "/var/www/swif/swif/invest/services/stellar_utils.py", line 31, in fetch_stellar_price
    return None
AttributeError: 'Server' object has no attribute 'requests'
[2025-04-08 13:00:00,148: INFO/MainProcess] Task invest.tasks.update_tokenized_stock_prices[0f3915b2-1fd5-47cd-8dd4-ec00db9e02eb] received
[2025-04-08 13:00:00,190: ERROR/MainProcess] Received unregistered task of type 'invest.tasks.check_stop_loss_and_take_profit'.
The message has been ignored and discarded.

Did you remember to import the module containing this task?
Or maybe you're using relative imports?

Please see
https://docs.celeryq.dev/en/latest/internals/protocol.html
for more information.

The full contents of the message body was:
b'[[], {}, {"callbacks": null, "errbacks": null, "chain": null, "chord": null}]' (77b)

The full contents of the message headers:
{'lang': 'py', 'task': 'invest.tasks.check_stop_loss_and_take_profit', 'id': '046b5cd2-c888-40c7-a709-1cc57c2454b2', 'shadow': None, 'eta': None, 'expires': None, 'group': None, 'group_index': None, 'retries': 0, 'timelimit': [None, None], 'root_id': '046b5cd2-c888-40c7-a709-1cc57c2454b2', 'parent_id': None, 'argsrepr': '()', 'kwargsrepr': '{}', 'origin': 'gen2491756@Swifwallet', 'ignore_result': False, 'replaced_task_nesting': 0, 'stamped_headers': None, 'stamps': {}, 'sentry-task-enqueued-time': 1744117200.1151843, 'sentry-trace': 'd5902b04093c424ba67032fab8725941-b62c86afba32df8c', 'baggage': 'sentry-trace_id=d5902b04093c424ba67032fab8725941,sentry-environment=production,sentry-public_key=f634fed9af121dd7daee5a2dc3e1f7e4,sentry-sample_rate=1.0', 'headers': {'sentry-trace': 'd5902b04093c424ba67032fab8725941-b62c86afba32df8c', 'baggage': 'sentry-trace_id=d5902b04093c424ba67032fab8725941,sentry-environment=production,sentry-public_key=f634fed9af121dd7daee5a2dc3e1f7e4,sentry-sample_rate=1.0', 'sentry-task-enqueued-time': 1744117200.1151843}}

The delivery info for this task is:
{'exchange': '', 'routing_key': 'celery'}
Traceback (most recent call last):
  File "/var/www/swif/venv/lib/python3.10/site-packages/celery/worker/consumer/consumer.py", line 659, in on_task_received
    strategy = strategies[type_]
KeyError: 'invest.tasks.check_stop_loss_and_take_profit'
[2025-04-08 13:00:00,304: ERROR/ForkPoolWorker-1] Price update failed: 'Server' object has no attribute 'requests'
[2025-04-08 13:00:00,409: INFO/MainProcess] Task invest.tasks.update_tokenized_stock_prices[2f6beac4-b9f9-4181-bd0b-4836159146d5] received
[2025-04-08 13:00:00,410: ERROR/ForkPoolWorker-1] Price update failed: 'Server' object has no attribute 'requests'
[2025-04-08 13:00:00,437: INFO/MainProcess] Task invest.tasks.update_tokenized_stock_prices[0f3915b2-1fd5-47cd-8dd4-ec00db9e02eb] received
[2025-04-08 13:00:00,442: INFO/ForkPoolWorker-1] Task invest.tasks.update_tokenized_stock_prices[0f3915b2-1fd5-47cd-8dd4-ec00db9e02eb] retry: Retry in 300s: AttributeError("'Server' object has no attribute 'requests'")
[2025-04-08 13:00:00,589: ERROR/ForkPoolWorker-1] Price update failed: 'Server' object has no attribute 'requests'
[2025-04-08 13:00:00,604: ERROR/ForkPoolWorker-1] Price update failed: 'Server' object has no attribute 'requests'
[2025-04-08 13:00:00,653: INFO/MainProcess] Task invest.tasks.update_tokenized_stock_prices[2f6beac4-b9f9-4181-bd0b-4836159146d5] received
[2025-04-08 13:00:00,688: INFO/ForkPoolWorker-1] Task invest.tasks.update_tokenized_stock_prices[2f6beac4-b9f9-4181-bd0b-4836159146d5] retry: Retry in 300s: AttributeError("'Server' object has no attribute 'requests'")
[2025-04-08 13:05:00,455: ERROR/ForkPoolWorker-1] Price update failed: 'Server' object has no attribute 'requests'
[2025-04-08 13:05:00,462: ERROR/ForkPoolWorker-1] Price update failed: 'Server' object has no attribute 'requests'
[2025-04-08 13:05:00,476: INFO/MainProcess] Task invest.tasks.update_tokenized_stock_prices[0f3915b2-1fd5-47cd-8dd4-ec00db9e02eb] received
[2025-04-08 13:05:00,482: INFO/ForkPoolWorker-1] Task invest.tasks.update_tokenized_stock_prices[0f3915b2-1fd5-47cd-8dd4-ec00db9e02eb] retry: Retry in 300s: AttributeError("'Server' object has no attribute 'requests'")
[2025-04-08 13:05:00,681: ERROR/ForkPoolWorker-1] Price update failed: 'Server' object has no attribute 'requests'
[2025-04-08 13:05:00,690: ERROR/ForkPoolWorker-1] Price update failed: 'Server' object has no attribute 'requests'
[2025-04-08 13:05:00,714: INFO/ForkPoolWorker-1] Task invest.tasks.update_tokenized_stock_prices[2f6beac4-b9f9-4181-bd0b-4836159146d5] retry: Retry in 300s: AttributeError("'Server' object has no attribute 'requests'")
[2025-04-08 13:05:00,749: INFO/MainProcess] Task invest.tasks.update_tokenized_stock_prices[77d4e39a-19dc-4f76-b1ed-316c1570780c] received
[2025-04-08 13:10:00,523: ERROR/ForkPoolWorker-1] Price update failed: 'Server' object has no attribute 'requests'
[2025-04-08 13:10:00,537: ERROR/ForkPoolWorker-1] Price update failed: 'Server' object has no attribute 'requests'
[2025-04-08 13:10:00,572: INFO/ForkPoolWorker-1] Task invest.tasks.update_tokenized_stock_prices[0f3915b2-1fd5-47cd-8dd4-ec00db9e02eb] retry: Retry in 300s: AttributeError("'Server' object has no attribute 'requests'")
[2025-04-08 13:10:00,777: INFO/MainProcess] Task invest.tasks.update_tokenized_stock_prices[2f6beac4-b9f9-4181-bd0b-4836159146d5] received
[2025-04-08 13:10:00,793: ERROR/ForkPoolWorker-1] Price update failed: 'Server' object has no attribute 'requests'
[2025-04-08 13:10:00,800: ERROR/ForkPoolWorker-1] Price update failed: 'Server' object has no attribute 'requests'
[2025-04-08 13:10:00,817: INFO/ForkPoolWorker-1] Task invest.tasks.update_tokenized_stock_prices[77d4e39a-19dc-4f76-b1ed-316c1570780c] retry: Retry in 300s: AttributeError("'Server' object has no attribute 'requests'")
[2025-04-08 13:15:00,791: ERROR/ForkPoolWorker-1] Price update failed: 'Server' object has no attribute 'requests'
[2025-04-08 13:15:00,798: ERROR/ForkPoolWorker-1] Price update failed: 'Server' object has no attribute 'requests'
[2025-04-08 13:15:00,836: ERROR/ForkPoolWorker-1] Task invest.tasks.update_tokenized_stock_prices[2f6beac4-b9f9-4181-bd0b-4836159146d5] raised unexpected: AttributeError("'Server' object has no attribute 'requests'")
Traceback (most recent call last):
  File "/var/www/swif/venv/lib/python3.10/site-packages/celery/app/trace.py", line 453, in trace_task
    R = retval = fun(*args, **kwargs)
  File "/var/www/swif/venv/lib/python3.10/site-packages/sentry_sdk/utils.py", line 1783, in runner
    return sentry_patched_function(*args, **kwargs)
  File "/var/www/swif/venv/lib/python3.10/site-packages/sentry_sdk/integrations/celery/__init__.py", line 415, in _inner
    reraise(*exc_info)
  File "/var/www/swif/venv/lib/python3.10/site-packages/sentry_sdk/utils.py", line 1718, in reraise
    raise value
  File "/var/www/swif/venv/lib/python3.10/site-packages/sentry_sdk/integrations/celery/__init__.py", line 410, in _inner
    return f(*args, **kwargs)
  File "/var/www/swif/venv/lib/python3.10/site-packages/celery/app/trace.py", line 736, in __protected_call__
    return self.run(*args, **kwargs)
  File "/var/www/swif/swif/invest/tasks.py", line 297, in update_tokenized_stock_prices
    logger.error(f"Price update failed: {str(e)}")
  File "/var/www/swif/venv/lib/python3.10/site-packages/celery/app/task.py", line 736, in retry
    raise_with_context(exc)
  File "/var/www/swif/swif/invest/tasks.py", line 292, in update_tokenized_stock_prices
    try:
  File "/usr/lib/python3.10/contextlib.py", line 79, in inner
    return func(*args, **kwds)
  File "/var/www/swif/swif/invest/services/stellar_utils.py", line 54, in update_stock_prices
    return len(updates)
  File "/var/www/swif/swif/invest/services/stellar_utils.py", line 31, in fetch_stellar_price
    return None
AttributeError: 'Server' object has no attribute 'requests'
[2025-04-08 13:30:00,105: ERROR/MainProcess] Received unregistered task of type 'invest.tasks.check_stop_loss_and_take_profit'.
The message has been ignored and discarded.

Did you remember to import the module containing this task?
Or maybe you're using relative imports?

Please see
https://docs.celeryq.dev/en/latest/internals/protocol.html
for more information.

The full contents of the message body was:
b'[[], {}, {"callbacks": null, "errbacks": null, "chain": null, "chord": null}]' (77b)

The full contents of the message headers:
{'lang': 'py', 'task': 'invest.tasks.check_stop_loss_and_take_profit', 'id': '38e71bdc-34ff-49a4-8660-4222e9f97f50', 'shadow': None, 'eta': None, 'expires': None, 'group': None, 'group_index': None, 'retries': 0, 'timelimit': [None, None], 'root_id': '38e71bdc-34ff-49a4-8660-4222e9f97f50', 'parent_id': None, 'argsrepr': '()', 'kwargsrepr': '{}', 'origin': 'gen2491157@Swifwallet', 'ignore_result': False, 'replaced_task_nesting': 0, 'stamped_headers': None, 'stamps': {}, 'sentry-task-enqueued-time': 1744119000.0846543, 'sentry-trace': '464e63e1d4884decb081bd1e596c6341-a9bc4c738de5687d', 'baggage': 'sentry-trace_id=464e63e1d4884decb081bd1e596c6341,sentry-environment=production,sentry-public_key=f634fed9af121dd7daee5a2dc3e1f7e4,sentry-sample_rate=1.0', 'headers': {'sentry-trace': '464e63e1d4884decb081bd1e596c6341-a9bc4c738de5687d', 'baggage': 'sentry-trace_id=464e63e1d4884decb081bd1e596c6341,sentry-environment=production,sentry-public_key=f634fed9af121dd7daee5a2dc3e1f7e4,sentry-sample_rate=1.0', 'sentry-task-enqueued-time': 1744119000.0846543}}

The delivery info for this task is:
{'exchange': '', 'routing_key': 'celery'}
Traceback (most recent call last):
  File "/var/www/swif/venv/lib/python3.10/site-packages/celery/worker/consumer/consumer.py", line 659, in on_task_received
    strategy = strategies[type_]
KeyError: 'invest.tasks.check_stop_loss_and_take_profit'
[2025-04-08 13:30:00,217: INFO/MainProcess] Task invest.tasks.update_tokenized_stock_prices[589be4e7-32c8-4725-b203-320fe1b6486a] received
[2025-04-08 13:30:00,240: ERROR/MainProcess] Received unregistered task of type 'invest.tasks.check_stop_loss_and_take_profit'.
The message has been ignored and discarded.

Did you remember to import the module containing this task?
Or maybe you're using relative imports?

Please see
https://docs.celeryq.dev/en/latest/internals/protocol.html
for more information.

The full contents of the message body was:
b'[[], {}, {"callbacks": null, "errbacks": null, "chain": null, "chord": null}]' (77b)

The full contents of the message headers:
{'lang': 'py', 'task': 'invest.tasks.check_stop_loss_and_take_profit', 'id': '44814ac2-e5e1-43da-b15d-61377d9eff7c', 'shadow': None, 'eta': None, 'expires': None, 'group': None, 'group_index': None, 'retries': 0, 'timelimit': [None, None], 'root_id': '44814ac2-e5e1-43da-b15d-61377d9eff7c', 'parent_id': None, 'argsrepr': '()', 'kwargsrepr': '{}', 'origin': 'gen2491756@Swifwallet', 'ignore_result': False, 'replaced_task_nesting': 0, 'stamped_headers': None, 'stamps': {}, 'sentry-task-enqueued-time': 1744119000.1229582, 'sentry-trace': '2b66cf8ca4d24b69be0b5cef33eee060-a91e28f9a8816f68', 'baggage': 'sentry-trace_id=2b66cf8ca4d24b69be0b5cef33eee060,sentry-environment=production,sentry-public_key=f634fed9af121dd7daee5a2dc3e1f7e4,sentry-sample_rate=1.0', 'headers': {'sentry-trace': '2b66cf8ca4d24b69be0b5cef33eee060-a91e28f9a8816f68', 'baggage': 'sentry-trace_id=2b66cf8ca4d24b69be0b5cef33eee060,sentry-environment=production,sentry-public_key=f634fed9af121dd7daee5a2dc3e1f7e4,sentry-sample_rate=1.0', 'sentry-task-enqueued-time': 1744119000.1229582}}

The delivery info for this task is:
{'exchange': '', 'routing_key': 'celery'}
Traceback (most recent call last):
  File "/var/www/swif/venv/lib/python3.10/site-packages/celery/worker/consumer/consumer.py", line 659, in on_task_received
    strategy = strategies[type_]
KeyError: 'invest.tasks.check_stop_loss_and_take_profit'
[2025-04-08 13:30:00,410: ERROR/ForkPoolWorker-1] Price update failed: 'Server' object has no attribute 'requests'
[2025-04-08 13:30:00,465: ERROR/ForkPoolWorker-1] Price update failed: 'Server' object has no attribute 'requests'
[2025-04-08 13:30:00,549: INFO/ForkPoolWorker-1] Task invest.tasks.update_tokenized_stock_prices[589be4e7-32c8-4725-b203-320fe1b6486a] retry: Retry in 300s: AttributeError("'Server' object has no attribute 'requests'")
[2025-04-08 13:30:00,600: INFO/MainProcess] Task invest.tasks.update_tokenized_stock_prices[507e11d1-01c6-4500-94b0-c4e2d8f186f6] received
[2025-04-08 13:35:00,380: INFO/MainProcess] Task invest.tasks.update_tokenized_stock_prices[2e82ea11-de32-426f-b9c3-18818e4ee0fe] received
[2025-04-08 13:35:00,615: ERROR/ForkPoolWorker-1] Price update failed: 'Server' object has no attribute 'requests'
[2025-04-08 13:35:00,622: ERROR/ForkPoolWorker-1] Price update failed: 'Server' object has no attribute 'requests'
[2025-04-08 13:35:00,644: INFO/MainProcess] Task invest.tasks.update_tokenized_stock_prices[507e11d1-01c6-4500-94b0-c4e2d8f186f6] received
[2025-04-08 13:35:00,650: INFO/ForkPoolWorker-1] Task invest.tasks.update_tokenized_stock_prices[507e11d1-01c6-4500-94b0-c4e2d8f186f6] retry: Retry in 300s: AttributeError("'Server' object has no attribute 'requests'")
[2025-04-08 13:40:00,415: ERROR/ForkPoolWorker-1] Price update failed: 'Server' object has no attribute 'requests'
[2025-04-08 13:40:00,423: ERROR/ForkPoolWorker-1] Price update failed: 'Server' object has no attribute 'requests'
[2025-04-08 13:40:00,441: INFO/ForkPoolWorker-1] Task invest.tasks.update_tokenized_stock_prices[2e82ea11-de32-426f-b9c3-18818e4ee0fe] retry: Retry in 300s: AttributeError("'Server' object has no attribute 'requests'")
[2025-04-08 13:40:00,577: INFO/MainProcess] Task invest.tasks.update_tokenized_stock_prices[589be4e7-32c8-4725-b203-320fe1b6486a] received
[2025-04-08 13:40:00,663: ERROR/ForkPoolWorker-1] Price update failed: 'Server' object has no attribute 'requests'
[2025-04-08 13:40:00,668: ERROR/ForkPoolWorker-1] Price update failed: 'Server' object has no attribute 'requests'
[2025-04-08 13:40:00,683: INFO/ForkPoolWorker-1] Task invest.tasks.update_tokenized_stock_prices[507e11d1-01c6-4500-94b0-c4e2d8f186f6] retry: Retry in 300s: AttributeError("'Server' object has no attribute 'requests'")
[2025-04-08 13:45:00,624: ERROR/ForkPoolWorker-1] Price update failed: 'Server' object has no attribute 'requests'
[2025-04-08 13:45:00,639: ERROR/ForkPoolWorker-1] Price update failed: 'Server' object has no attribute 'requests'
[2025-04-08 13:45:00,680: ERROR/ForkPoolWorker-1] Task invest.tasks.update_tokenized_stock_prices[589be4e7-32c8-4725-b203-320fe1b6486a] raised unexpected: AttributeError("'Server' object has no attribute 'requests'")
Traceback (most recent call last):
  File "/var/www/swif/venv/lib/python3.10/site-packages/celery/app/trace.py", line 453, in trace_task
    R = retval = fun(*args, **kwargs)
  File "/var/www/swif/venv/lib/python3.10/site-packages/sentry_sdk/utils.py", line 1783, in runner
    return sentry_patched_function(*args, **kwargs)
  File "/var/www/swif/venv/lib/python3.10/site-packages/sentry_sdk/integrations/celery/__init__.py", line 415, in _inner
    reraise(*exc_info)
  File "/var/www/swif/venv/lib/python3.10/site-packages/sentry_sdk/utils.py", line 1718, in reraise
    raise value
  File "/var/www/swif/venv/lib/python3.10/site-packages/sentry_sdk/integrations/celery/__init__.py", line 410, in _inner
    return f(*args, **kwargs)
  File "/var/www/swif/venv/lib/python3.10/site-packages/celery/app/trace.py", line 736, in __protected_call__
    return self.run(*args, **kwargs)
  File "/var/www/swif/swif/invest/tasks.py", line 297, in update_tokenized_stock_prices
    logger.error(f"Price update failed: {str(e)}")
  File "/var/www/swif/venv/lib/python3.10/site-packages/celery/app/task.py", line 736, in retry
    raise_with_context(exc)
  File "/var/www/swif/swif/invest/tasks.py", line 292, in update_tokenized_stock_prices
    try:
  File "/usr/lib/python3.10/contextlib.py", line 79, in inner
    return func(*args, **kwds)
  File "/var/www/swif/swif/invest/services/stellar_utils.py", line 54, in update_stock_prices
    return len(updates)
  File "/var/www/swif/swif/invest/services/stellar_utils.py", line 31, in fetch_stellar_price
    return None
AttributeError: 'Server' object has no attribute 'requests'
[2025-04-08 14:00:00,137: INFO/MainProcess] Task invest.tasks.update_tokenized_stock_prices[5ca54f2e-96ad-4d68-9130-a2ece51887e2] received
[2025-04-08 14:00:00,177: INFO/MainProcess] Task invest.tasks.update_tokenized_stock_prices[aa7a8298-4b6f-42af-90b8-7c9a4510b681] received
[2025-04-08 14:00:00,193: ERROR/MainProcess] Received unregistered task of type 'invest.tasks.check_stop_loss_and_take_profit'.
The message has been ignored and discarded.

Did you remember to import the module containing this task?
Or maybe you're using relative imports?

Please see
https://docs.celeryq.dev/en/latest/internals/protocol.html
for more information.

The full contents of the message body was:
b'[[], {}, {"callbacks": null, "errbacks": null, "chain": null, "chord": null}]' (77b)

The full contents of the message headers:
{'lang': 'py', 'task': 'invest.tasks.check_stop_loss_and_take_profit', 'id': '66eabb92-fcf8-4f49-8d20-5161741d8f31', 'shadow': None, 'eta': None, 'expires': None, 'group': None, 'group_index': None, 'retries': 0, 'timelimit': [None, None], 'root_id': '66eabb92-fcf8-4f49-8d20-5161741d8f31', 'parent_id': None, 'argsrepr': '()', 'kwargsrepr': '{}', 'origin': 'gen2491756@Swifwallet', 'ignore_result': False, 'replaced_task_nesting': 0, 'stamped_headers': None, 'stamps': {}, 'sentry-task-enqueued-time': 1744120800.114033, 'sentry-trace': '50db93c5f6d64182a4b29e96f029e990-a0573a1cb6a569b7', 'baggage': 'sentry-trace_id=50db93c5f6d64182a4b29e96f029e990,sentry-environment=production,sentry-public_key=f634fed9af121dd7daee5a2dc3e1f7e4,sentry-sample_rate=1.0', 'headers': {'sentry-trace': '50db93c5f6d64182a4b29e96f029e990-a0573a1cb6a569b7', 'baggage': 'sentry-trace_id=50db93c5f6d64182a4b29e96f029e990,sentry-environment=production,sentry-public_key=f634fed9af121dd7daee5a2dc3e1f7e4,sentry-sample_rate=1.0', 'sentry-task-enqueued-time': 1744120800.114033}}

The delivery info for this task is:
{'exchange': '', 'routing_key': 'celery'}
Traceback (most recent call last):
  File "/var/www/swif/venv/lib/python3.10/site-packages/celery/worker/consumer/consumer.py", line 659, in on_task_received
    strategy = strategies[type_]
KeyError: 'invest.tasks.check_stop_loss_and_take_profit'
[2025-04-08 14:00:00,317: ERROR/ForkPoolWorker-1] Price update failed: 'Server' object has no attribute 'requests'
[2025-04-08 14:00:00,364: INFO/MainProcess] Task invest.tasks.update_tokenized_stock_prices[423521be-2250-40a3-bbf7-e87e947e6662] received
[2025-04-08 14:00:00,366: ERROR/ForkPoolWorker-1] Price update failed: 'Server' object has no attribute 'requests'
[2025-04-08 14:00:00,397: INFO/MainProcess] Task invest.tasks.update_tokenized_stock_prices[5ca54f2e-96ad-4d68-9130-a2ece51887e2] received
[2025-04-08 14:00:00,429: INFO/ForkPoolWorker-1] Task invest.tasks.update_tokenized_stock_prices[5ca54f2e-96ad-4d68-9130-a2ece51887e2] retry: Retry in 300s: AttributeError("'Server' object has no attribute 'requests'")
[2025-04-08 14:00:00,581: ERROR/ForkPoolWorker-1] Price update failed: 'Server' object has no attribute 'requests'
[2025-04-08 14:00:00,608: ERROR/ForkPoolWorker-1] Price update failed: 'Server' object has no attribute 'requests'
[2025-04-08 14:00:00,654: INFO/ForkPoolWorker-1] Task invest.tasks.update_tokenized_stock_prices[aa7a8298-4b6f-42af-90b8-7c9a4510b681] retry: Retry in 300s: AttributeError("'Server' object has no attribute 'requests'")
[2025-04-08 14:00:00,732: ERROR/ForkPoolWorker-1] Price update failed: 'Server' object has no attribute 'requests'
[2025-04-08 14:00:00,749: ERROR/ForkPoolWorker-1] Price update failed: 'Server' object has no attribute 'requests'
[2025-04-08 14:00:00,776: INFO/MainProcess] Task invest.tasks.update_tokenized_stock_prices[423521be-2250-40a3-bbf7-e87e947e6662] received
[2025-04-08 14:00:00,798: INFO/ForkPoolWorker-1] Task invest.tasks.update_tokenized_stock_prices[423521be-2250-40a3-bbf7-e87e947e6662] retry: Retry in 300s: AttributeError("'Server' object has no attribute 'requests'")
[2025-04-08 14:05:00,425: ERROR/ForkPoolWorker-1] Price update failed: 'Server' object has no attribute 'requests'
[2025-04-08 14:05:00,433: ERROR/ForkPoolWorker-1] Price update failed: 'Server' object has no attribute 'requests'
[2025-04-08 14:05:00,463: INFO/ForkPoolWorker-1] Task invest.tasks.update_tokenized_stock_prices[5ca54f2e-96ad-4d68-9130-a2ece51887e2] retry: Retry in 300s: AttributeError("'Server' object has no attribute 'requests'")
[2025-04-08 14:05:00,696: INFO/MainProcess] Task invest.tasks.update_tokenized_stock_prices[aa7a8298-4b6f-42af-90b8-7c9a4510b681] received
[2025-04-08 14:05:00,796: ERROR/ForkPoolWorker-1] Price update failed: 'Server' object has no attribute 'requests'
[2025-04-08 14:05:00,807: ERROR/ForkPoolWorker-1] Price update failed: 'Server' object has no attribute 'requests'
[2025-04-08 14:05:00,823: INFO/ForkPoolWorker-1] Task invest.tasks.update_tokenized_stock_prices[423521be-2250-40a3-bbf7-e87e947e6662] retry: Retry in 300s: AttributeError("'Server' object has no attribute 'requests'")
[2025-04-08 14:10:00,521: INFO/MainProcess] Task invest.tasks.update_tokenized_stock_prices[5ca54f2e-96ad-4d68-9130-a2ece51887e2] received
[2025-04-08 14:10:00,720: ERROR/ForkPoolWorker-1] Price update failed: 'Server' object has no attribute 'requests'
[2025-04-08 14:10:00,727: ERROR/ForkPoolWorker-1] Price update failed: 'Server' object has no attribute 'requests'
[2025-04-08 14:10:00,745: INFO/ForkPoolWorker-1] Task invest.tasks.update_tokenized_stock_prices[aa7a8298-4b6f-42af-90b8-7c9a4510b681] retry: Retry in 300s: AttributeError("'Server' object has no attribute 'requests'")
[2025-04-08 14:10:00,851: INFO/MainProcess] Task invest.tasks.update_tokenized_stock_prices[423521be-2250-40a3-bbf7-e87e947e6662] received
[2025-04-08 14:15:00,543: ERROR/ForkPoolWorker-1] Price update failed: 'Server' object has no attribute 'requests'
[2025-04-08 14:15:00,550: ERROR/ForkPoolWorker-1] Price update failed: 'Server' object has no attribute 'requests'
[2025-04-08 14:15:00,577: ERROR/ForkPoolWorker-1] Task invest.tasks.update_tokenized_stock_prices[5ca54f2e-96ad-4d68-9130-a2ece51887e2] raised unexpected: AttributeError("'Server' object has no attribute 'requests'")
Traceback (most recent call last):
  File "/var/www/swif/venv/lib/python3.10/site-packages/celery/app/trace.py", line 453, in trace_task
    R = retval = fun(*args, **kwargs)
  File "/var/www/swif/venv/lib/python3.10/site-packages/sentry_sdk/utils.py", line 1783, in runner
    return sentry_patched_function(*args, **kwargs)
  File "/var/www/swif/venv/lib/python3.10/site-packages/sentry_sdk/integrations/celery/__init__.py", line 415, in _inner
    reraise(*exc_info)
  File "/var/www/swif/venv/lib/python3.10/site-packages/sentry_sdk/utils.py", line 1718, in reraise
    raise value
  File "/var/www/swif/venv/lib/python3.10/site-packages/sentry_sdk/integrations/celery/__init__.py", line 410, in _inner
    return f(*args, **kwargs)
  File "/var/www/swif/venv/lib/python3.10/site-packages/celery/app/trace.py", line 736, in __protected_call__
    return self.run(*args, **kwargs)
  File "/var/www/swif/swif/invest/tasks.py", line 297, in update_tokenized_stock_prices
    logger.error(f"Price update failed: {str(e)}")
  File "/var/www/swif/venv/lib/python3.10/site-packages/celery/app/task.py", line 736, in retry
    raise_with_context(exc)
  File "/var/www/swif/swif/invest/tasks.py", line 292, in update_tokenized_stock_prices
    try:
  File "/usr/lib/python3.10/contextlib.py", line 79, in inner
    return func(*args, **kwds)
  File "/var/www/swif/swif/invest/services/stellar_utils.py", line 54, in update_stock_prices
    return len(updates)
  File "/var/www/swif/swif/invest/services/stellar_utils.py", line 31, in fetch_stellar_price
    return None
AttributeError: 'Server' object has no attribute 'requests'
[2025-04-08 14:15:00,875: ERROR/ForkPoolWorker-1] Price update failed: 'Server' object has no attribute 'requests'
[2025-04-08 14:15:00,880: ERROR/ForkPoolWorker-1] Price update failed: 'Server' object has no attribute 'requests'
[2025-04-08 14:15:00,894: ERROR/ForkPoolWorker-1] Task invest.tasks.update_tokenized_stock_prices[423521be-2250-40a3-bbf7-e87e947e6662] raised unexpected: AttributeError("'Server' object has no attribute 'requests'")
Traceback (most recent call last):
  File "/var/www/swif/venv/lib/python3.10/site-packages/celery/app/trace.py", line 453, in trace_task
    R = retval = fun(*args, **kwargs)
  File "/var/www/swif/venv/lib/python3.10/site-packages/sentry_sdk/utils.py", line 1783, in runner
    return sentry_patched_function(*args, **kwargs)
  File "/var/www/swif/venv/lib/python3.10/site-packages/sentry_sdk/integrations/celery/__init__.py", line 415, in _inner
    reraise(*exc_info)
  File "/var/www/swif/venv/lib/python3.10/site-packages/sentry_sdk/utils.py", line 1718, in reraise
    raise value
  File "/var/www/swif/venv/lib/python3.10/site-packages/sentry_sdk/integrations/celery/__init__.py", line 410, in _inner
    return f(*args, **kwargs)
  File "/var/www/swif/venv/lib/python3.10/site-packages/celery/app/trace.py", line 736, in __protected_call__
    return self.run(*args, **kwargs)
  File "/var/www/swif/swif/invest/tasks.py", line 297, in update_tokenized_stock_prices
    logger.error(f"Price update failed: {str(e)}")
  File "/var/www/swif/venv/lib/python3.10/site-packages/celery/app/task.py", line 736, in retry
    raise_with_context(exc)
  File "/var/www/swif/swif/invest/tasks.py", line 292, in update_tokenized_stock_prices
    try:
  File "/usr/lib/python3.10/contextlib.py", line 79, in inner
    return func(*args, **kwds)
  File "/var/www/swif/swif/invest/services/stellar_utils.py", line 54, in update_stock_prices
    return len(updates)
  File "/var/www/swif/swif/invest/services/stellar_utils.py", line 31, in fetch_stellar_price
    return None
AttributeError: 'Server' object has no attribute 'requests'
[2025-04-08 14:30:00,074: ERROR/MainProcess] Received unregistered task of type 'invest.tasks.check_stop_loss_and_take_profit'.
The message has been ignored and discarded.

Did you remember to import the module containing this task?
Or maybe you're using relative imports?

Please see
https://docs.celeryq.dev/en/latest/internals/protocol.html
for more information.

The full contents of the message body was:
b'[[], {}, {"callbacks": null, "errbacks": null, "chain": null, "chord": null}]' (77b)

The full contents of the message headers:
{'lang': 'py', 'task': 'invest.tasks.check_stop_loss_and_take_profit', 'id': 'ba0dac62-fdf6-4f2b-bd42-6b213cd330dd', 'shadow': None, 'eta': None, 'expires': None, 'group': None, 'group_index': None, 'retries': 0, 'timelimit': [None, None], 'root_id': 'ba0dac62-fdf6-4f2b-bd42-6b213cd330dd', 'parent_id': None, 'argsrepr': '()', 'kwargsrepr': '{}', 'origin': 'gen2491157@Swifwallet', 'ignore_result': False, 'replaced_task_nesting': 0, 'stamped_headers': None, 'stamps': {}, 'sentry-task-enqueued-time': 1744122600.0520303, 'sentry-trace': '237d6dc75819412b95f3dd28e259f4ad-b1926ac2fff3a099', 'baggage': 'sentry-trace_id=237d6dc75819412b95f3dd28e259f4ad,sentry-environment=production,sentry-public_key=f634fed9af121dd7daee5a2dc3e1f7e4,sentry-sample_rate=1.0', 'headers': {'sentry-trace': '237d6dc75819412b95f3dd28e259f4ad-b1926ac2fff3a099', 'baggage': 'sentry-trace_id=237d6dc75819412b95f3dd28e259f4ad,sentry-environment=production,sentry-public_key=f634fed9af121dd7daee5a2dc3e1f7e4,sentry-sample_rate=1.0', 'sentry-task-enqueued-time': 1744122600.0520303}}

The delivery info for this task is:
{'exchange': '', 'routing_key': 'celery'}
Traceback (most recent call last):
  File "/var/www/swif/venv/lib/python3.10/site-packages/celery/worker/consumer/consumer.py", line 659, in on_task_received
    strategy = strategies[type_]
KeyError: 'invest.tasks.check_stop_loss_and_take_profit'
[2025-04-08 14:30:00,177: INFO/MainProcess] Task invest.tasks.update_tokenized_stock_prices[27479de9-ebe3-46f0-aa01-71ed7a65ad9b] received
[2025-04-08 14:30:00,195: ERROR/MainProcess] Received unregistered task of type 'invest.tasks.check_stop_loss_and_take_profit'.
The message has been ignored and discarded.

Did you remember to import the module containing this task?
Or maybe you're using relative imports?

Please see
https://docs.celeryq.dev/en/latest/internals/protocol.html
for more information.

The full contents of the message body was:
b'[[], {}, {"callbacks": null, "errbacks": null, "chain": null, "chord": null}]' (77b)

The full contents of the message headers:
{'lang': 'py', 'task': 'invest.tasks.check_stop_loss_and_take_profit', 'id': '5f4c3105-2400-4890-97bd-ad13f801c28d', 'shadow': None, 'eta': None, 'expires': None, 'group': None, 'group_index': None, 'retries': 0, 'timelimit': [None, None], 'root_id': '5f4c3105-2400-4890-97bd-ad13f801c28d', 'parent_id': None, 'argsrepr': '()', 'kwargsrepr': '{}', 'origin': 'gen2491756@Swifwallet', 'ignore_result': False, 'replaced_task_nesting': 0, 'stamped_headers': None, 'stamps': {}, 'sentry-task-enqueued-time': 1744122600.0971088, 'sentry-trace': '1281b15cbcf2491ea23299c7fef131d3-9981c224153aa466', 'baggage': 'sentry-trace_id=1281b15cbcf2491ea23299c7fef131d3,sentry-environment=production,sentry-public_key=f634fed9af121dd7daee5a2dc3e1f7e4,sentry-sample_rate=1.0', 'headers': {'sentry-trace': '1281b15cbcf2491ea23299c7fef131d3-9981c224153aa466', 'baggage': 'sentry-trace_id=1281b15cbcf2491ea23299c7fef131d3,sentry-environment=production,sentry-public_key=f634fed9af121dd7daee5a2dc3e1f7e4,sentry-sample_rate=1.0', 'sentry-task-enqueued-time': 1744122600.0971088}}

The delivery info for this task is:
{'exchange': '', 'routing_key': 'celery'}
Traceback (most recent call last):
  File "/var/www/swif/venv/lib/python3.10/site-packages/celery/worker/consumer/consumer.py", line 659, in on_task_received
    strategy = strategies[type_]
KeyError: 'invest.tasks.check_stop_loss_and_take_profit'
[2025-04-08 14:30:00,301: ERROR/ForkPoolWorker-1] Price update failed: 'Server' object has no attribute 'requests'
[2025-04-08 14:30:00,352: ERROR/ForkPoolWorker-1] Price update failed: 'Server' object has no attribute 'requests'
[2025-04-08 14:30:00,421: INFO/ForkPoolWorker-1] Task invest.tasks.update_tokenized_stock_prices[27479de9-ebe3-46f0-aa01-71ed7a65ad9b] retry: Retry in 300s: AttributeError("'Server' object has no attribute 'requests'")
[2025-04-08 14:30:00,429: INFO/MainProcess] Task invest.tasks.update_tokenized_stock_prices[24519e4e-59e9-4c65-aaf2-5b512c6867d8] received
[2025-04-08 14:35:00,456: ERROR/ForkPoolWorker-1] Price update failed: 'Server' object has no attribute 'requests'
[2025-04-08 14:35:00,476: ERROR/ForkPoolWorker-1] Price update failed: 'Server' object has no attribute 'requests'
[2025-04-08 14:35:00,493: INFO/MainProcess] Task invest.tasks.update_tokenized_stock_prices[27479de9-ebe3-46f0-aa01-71ed7a65ad9b] received
[2025-04-08 14:35:00,512: INFO/ForkPoolWorker-1] Task invest.tasks.update_tokenized_stock_prices[24519e4e-59e9-4c65-aaf2-5b512c6867d8] retry: Retry in 300s: AttributeError("'Server' object has no attribute 'requests'")
[2025-04-08 14:35:00,692: INFO/MainProcess] Task invest.tasks.update_tokenized_stock_prices[5a0dad97-6085-47b7-83a3-c5df1bc813da] received
[2025-04-08 14:40:00,521: ERROR/ForkPoolWorker-1] Price update failed: 'Server' object has no attribute 'requests'
[2025-04-08 14:40:00,536: ERROR/ForkPoolWorker-1] Price update failed: 'Server' object has no attribute 'requests'
[2025-04-08 14:40:00,570: INFO/ForkPoolWorker-1] Task invest.tasks.update_tokenized_stock_prices[27479de9-ebe3-46f0-aa01-71ed7a65ad9b] retry: Retry in 300s: AttributeError("'Server' object has no attribute 'requests'")
[2025-04-08 14:40:00,611: INFO/MainProcess] Task invest.tasks.update_tokenized_stock_prices[24519e4e-59e9-4c65-aaf2-5b512c6867d8] received
[2025-04-08 14:40:00,714: ERROR/ForkPoolWorker-1] Price update failed: 'Server' object has no attribute 'requests'
[2025-04-08 14:40:00,719: ERROR/ForkPoolWorker-1] Price update failed: 'Server' object has no attribute 'requests'
[2025-04-08 14:40:00,732: INFO/ForkPoolWorker-1] Task invest.tasks.update_tokenized_stock_prices[5a0dad97-6085-47b7-83a3-c5df1bc813da] retry: Retry in 300s: AttributeError("'Server' object has no attribute 'requests'")
[2025-04-08 14:45:00,663: ERROR/ForkPoolWorker-1] Price update failed: 'Server' object has no attribute 'requests'
[2025-04-08 14:45:00,684: ERROR/ForkPoolWorker-1] Price update failed: 'Server' object has no attribute 'requests'
[2025-04-08 14:45:00,705: ERROR/ForkPoolWorker-1] Task invest.tasks.update_tokenized_stock_prices[24519e4e-59e9-4c65-aaf2-5b512c6867d8] raised unexpected: AttributeError("'Server' object has no attribute 'requests'")
Traceback (most recent call last):
  File "/var/www/swif/venv/lib/python3.10/site-packages/celery/app/trace.py", line 453, in trace_task
    R = retval = fun(*args, **kwargs)
  File "/var/www/swif/venv/lib/python3.10/site-packages/sentry_sdk/utils.py", line 1783, in runner
    return sentry_patched_function(*args, **kwargs)
  File "/var/www/swif/venv/lib/python3.10/site-packages/sentry_sdk/integrations/celery/__init__.py", line 415, in _inner
    reraise(*exc_info)
  File "/var/www/swif/venv/lib/python3.10/site-packages/sentry_sdk/utils.py", line 1718, in reraise
    raise value
  File "/var/www/swif/venv/lib/python3.10/site-packages/sentry_sdk/integrations/celery/__init__.py", line 410, in _inner
    return f(*args, **kwargs)
  File "/var/www/swif/venv/lib/python3.10/site-packages/celery/app/trace.py", line 736, in __protected_call__
    return self.run(*args, **kwargs)
  File "/var/www/swif/swif/invest/tasks.py", line 297, in update_tokenized_stock_prices
    logger.error(f"Price update failed: {str(e)}")
  File "/var/www/swif/venv/lib/python3.10/site-packages/celery/app/task.py", line 736, in retry
    raise_with_context(exc)
  File "/var/www/swif/swif/invest/tasks.py", line 292, in update_tokenized_stock_prices
    try:
  File "/usr/lib/python3.10/contextlib.py", line 79, in inner
    return func(*args, **kwds)
  File "/var/www/swif/swif/invest/services/stellar_utils.py", line 54, in update_stock_prices
    return len(updates)
  File "/var/www/swif/swif/invest/services/stellar_utils.py", line 31, in fetch_stellar_price
    return None
AttributeError: 'Server' object has no attribute 'requests'
[2025-04-08 15:00:00,116: ERROR/MainProcess] Received unregistered task of type 'invest.tasks.check_stop_loss_and_take_profit'.
The message has been ignored and discarded.

Did you remember to import the module containing this task?
Or maybe you're using relative imports?

Please see
https://docs.celeryq.dev/en/latest/internals/protocol.html
for more information.

The full contents of the message body was:
b'[[], {}, {"callbacks": null, "errbacks": null, "chain": null, "chord": null}]' (77b)

The full contents of the message headers:
{'lang': 'py', 'task': 'invest.tasks.check_stop_loss_and_take_profit', 'id': 'f328bd23-d232-4164-9b64-e8cfb5e4896f', 'shadow': None, 'eta': None, 'expires': None, 'group': None, 'group_index': None, 'retries': 0, 'timelimit': [None, None], 'root_id': 'f328bd23-d232-4164-9b64-e8cfb5e4896f', 'parent_id': None, 'argsrepr': '()', 'kwargsrepr': '{}', 'origin': 'gen2491157@Swifwallet', 'ignore_result': False, 'replaced_task_nesting': 0, 'stamped_headers': None, 'stamps': {}, 'sentry-task-enqueued-time': 1744124400.0958996, 'sentry-trace': 'b703e234e52a4d6dbcc4bd992019a6fb-9f0899801a9e5045', 'baggage': 'sentry-trace_id=b703e234e52a4d6dbcc4bd992019a6fb,sentry-environment=production,sentry-public_key=f634fed9af121dd7daee5a2dc3e1f7e4,sentry-sample_rate=1.0', 'headers': {'sentry-trace': 'b703e234e52a4d6dbcc4bd992019a6fb-9f0899801a9e5045', 'baggage': 'sentry-trace_id=b703e234e52a4d6dbcc4bd992019a6fb,sentry-environment=production,sentry-public_key=f634fed9af121dd7daee5a2dc3e1f7e4,sentry-sample_rate=1.0', 'sentry-task-enqueued-time': 1744124400.0958996}}

The delivery info for this task is:
{'exchange': '', 'routing_key': 'celery'}
Traceback (most recent call last):
  File "/var/www/swif/venv/lib/python3.10/site-packages/celery/worker/consumer/consumer.py", line 659, in on_task_received
    strategy = strategies[type_]
KeyError: 'invest.tasks.check_stop_loss_and_take_profit'
[2025-04-08 15:00:00,215: INFO/MainProcess] Task invest.tasks.update_tokenized_stock_prices[98096878-c76e-4bf1-9f5e-2f2793723e5e] received
[2025-04-08 15:00:00,235: INFO/MainProcess] Task invest.tasks.update_tokenized_stock_prices[271dec7f-e835-42aa-933c-c743203c0d93] received
[2025-04-08 15:00:00,241: ERROR/MainProcess] Received unregistered task of type 'invest.tasks.check_stop_loss_and_take_profit'.
The message has been ignored and discarded.

Did you remember to import the module containing this task?
Or maybe you're using relative imports?

Please see
https://docs.celeryq.dev/en/latest/internals/protocol.html
for more information.

The full contents of the message body was:
b'[[], {}, {"callbacks": null, "errbacks": null, "chain": null, "chord": null}]' (77b)

The full contents of the message headers:
{'lang': 'py', 'task': 'invest.tasks.check_stop_loss_and_take_profit', 'id': 'a04b8446-883a-49b5-b4de-189925ed0f59', 'shadow': None, 'eta': None, 'expires': None, 'group': None, 'group_index': None, 'retries': 0, 'timelimit': [None, None], 'root_id': 'a04b8446-883a-49b5-b4de-189925ed0f59', 'parent_id': None, 'argsrepr': '()', 'kwargsrepr': '{}', 'origin': 'gen2491801@Swifwallet', 'ignore_result': False, 'replaced_task_nesting': 0, 'stamped_headers': None, 'stamps': {}, 'sentry-task-enqueued-time': 1744124400.1508403, 'sentry-trace': '16d3c01054484ec8a44e3b6173688465-b2e761326180ec4e', 'baggage': 'sentry-trace_id=16d3c01054484ec8a44e3b6173688465,sentry-environment=production,sentry-public_key=f634fed9af121dd7daee5a2dc3e1f7e4,sentry-sample_rate=1.0', 'headers': {'sentry-trace': '16d3c01054484ec8a44e3b6173688465-b2e761326180ec4e', 'baggage': 'sentry-trace_id=16d3c01054484ec8a44e3b6173688465,sentry-environment=production,sentry-public_key=f634fed9af121dd7daee5a2dc3e1f7e4,sentry-sample_rate=1.0', 'sentry-task-enqueued-time': 1744124400.1508403}}

The delivery info for this task is:
{'exchange': '', 'routing_key': 'celery'}
Traceback (most recent call last):
  File "/var/www/swif/venv/lib/python3.10/site-packages/celery/worker/consumer/consumer.py", line 659, in on_task_received
    strategy = strategies[type_]
KeyError: 'invest.tasks.check_stop_loss_and_take_profit'
[2025-04-08 15:00:00,313: ERROR/ForkPoolWorker-1] Price update failed: 'Server' object has no attribute 'requests'
[2025-04-08 15:00:00,363: ERROR/ForkPoolWorker-1] Price update failed: 'Server' object has no attribute 'requests'
[2025-04-08 15:00:00,422: INFO/MainProcess] Task invest.tasks.update_tokenized_stock_prices[98096878-c76e-4bf1-9f5e-2f2793723e5e] received
[2025-04-08 15:00:00,448: INFO/ForkPoolWorker-1] Task invest.tasks.update_tokenized_stock_prices[98096878-c76e-4bf1-9f5e-2f2793723e5e] retry: Retry in 300s: AttributeError("'Server' object has no attribute 'requests'")
[2025-04-08 15:00:00,565: ERROR/ForkPoolWorker-1] Price update failed: 'Server' object has no attribute 'requests'
[2025-04-08 15:00:00,580: ERROR/ForkPoolWorker-1] Price update failed: 'Server' object has no attribute 'requests'
[2025-04-08 15:00:00,632: INFO/ForkPoolWorker-1] Task invest.tasks.update_tokenized_stock_prices[271dec7f-e835-42aa-933c-c743203c0d93] retry: Retry in 300s: AttributeError("'Server' object has no attribute 'requests'")
[2025-04-08 15:05:00,408: INFO/MainProcess] Task invest.tasks.update_tokenized_stock_prices[4435c79c-8564-457e-8397-4e452717034c] received
[2025-04-08 15:05:00,441: ERROR/ForkPoolWorker-1] Price update failed: 'Server' object has no attribute 'requests'
[2025-04-08 15:05:00,449: ERROR/ForkPoolWorker-1] Price update failed: 'Server' object has no attribute 'requests'
[2025-04-08 15:05:00,466: INFO/ForkPoolWorker-1] Task invest.tasks.update_tokenized_stock_prices[98096878-c76e-4bf1-9f5e-2f2793723e5e] retry: Retry in 300s: AttributeError("'Server' object has no attribute 'requests'")
[2025-04-08 15:05:00,626: INFO/MainProcess] Task invest.tasks.update_tokenized_stock_prices[271dec7f-e835-42aa-933c-c743203c0d93] received
[2025-04-08 15:10:00,437: ERROR/ForkPoolWorker-1] Price update failed: 'Server' object has no attribute 'requests'
[2025-04-08 15:10:00,446: ERROR/ForkPoolWorker-1] Price update failed: 'Server' object has no attribute 'requests'
[2025-04-08 15:10:00,476: INFO/ForkPoolWorker-1] Task invest.tasks.update_tokenized_stock_prices[4435c79c-8564-457e-8397-4e452717034c] retry: Retry in 300s: AttributeError("'Server' object has no attribute 'requests'")
[2025-04-08 15:10:00,532: INFO/MainProcess] Task invest.tasks.update_tokenized_stock_prices[98096878-c76e-4bf1-9f5e-2f2793723e5e] received
[2025-04-08 15:10:00,653: ERROR/ForkPoolWorker-1] Price update failed: 'Server' object has no attribute 'requests'
[2025-04-08 15:10:00,658: ERROR/ForkPoolWorker-1] Price update failed: 'Server' object has no attribute 'requests'
[2025-04-08 15:10:00,672: INFO/ForkPoolWorker-1] Task invest.tasks.update_tokenized_stock_prices[271dec7f-e835-42aa-933c-c743203c0d93] retry: Retry in 300s: AttributeError("'Server' object has no attribute 'requests'")
[2025-04-08 15:15:00,565: ERROR/ForkPoolWorker-1] Price update failed: 'Server' object has no attribute 'requests'
[2025-04-08 15:15:00,573: ERROR/ForkPoolWorker-1] Price update failed: 'Server' object has no attribute 'requests'
[2025-04-08 15:15:00,590: ERROR/ForkPoolWorker-1] Task invest.tasks.update_tokenized_stock_prices[98096878-c76e-4bf1-9f5e-2f2793723e5e] raised unexpected: AttributeError("'Server' object has no attribute 'requests'")
Traceback (most recent call last):
  File "/var/www/swif/venv/lib/python3.10/site-packages/celery/app/trace.py", line 453, in trace_task
    R = retval = fun(*args, **kwargs)
  File "/var/www/swif/venv/lib/python3.10/site-packages/sentry_sdk/utils.py", line 1783, in runner
    return sentry_patched_function(*args, **kwargs)
  File "/var/www/swif/venv/lib/python3.10/site-packages/sentry_sdk/integrations/celery/__init__.py", line 415, in _inner
    reraise(*exc_info)
  File "/var/www/swif/venv/lib/python3.10/site-packages/sentry_sdk/utils.py", line 1718, in reraise
    raise value
  File "/var/www/swif/venv/lib/python3.10/site-packages/sentry_sdk/integrations/celery/__init__.py", line 410, in _inner
    return f(*args, **kwargs)
  File "/var/www/swif/venv/lib/python3.10/site-packages/celery/app/trace.py", line 736, in __protected_call__
    return self.run(*args, **kwargs)
  File "/var/www/swif/swif/invest/tasks.py", line 297, in update_tokenized_stock_prices
    logger.error(f"Price update failed: {str(e)}")
  File "/var/www/swif/venv/lib/python3.10/site-packages/celery/app/task.py", line 736, in retry
    raise_with_context(exc)
  File "/var/www/swif/swif/invest/tasks.py", line 292, in update_tokenized_stock_prices
    try:
  File "/usr/lib/python3.10/contextlib.py", line 79, in inner
    return func(*args, **kwds)
  File "/var/www/swif/swif/invest/services/stellar_utils.py", line 54, in update_stock_prices
    return len(updates)
  File "/var/www/swif/swif/invest/services/stellar_utils.py", line 31, in fetch_stellar_price
    return None
AttributeError: 'Server' object has no attribute 'requests'
[2025-04-08 15:30:00,146: ERROR/MainProcess] Received unregistered task of type 'invest.tasks.check_stop_loss_and_take_profit'.
The message has been ignored and discarded.

Did you remember to import the module containing this task?
Or maybe you're using relative imports?

Please see
https://docs.celeryq.dev/en/latest/internals/protocol.html
for more information.

The full contents of the message body was:
b'[[], {}, {"callbacks": null, "errbacks": null, "chain": null, "chord": null}]' (77b)

The full contents of the message headers:
{'lang': 'py', 'task': 'invest.tasks.check_stop_loss_and_take_profit', 'id': '5fa78756-7a86-4434-b8b6-105eacbd4515', 'shadow': None, 'eta': None, 'expires': None, 'group': None, 'group_index': None, 'retries': 0, 'timelimit': [None, None], 'root_id': '5fa78756-7a86-4434-b8b6-105eacbd4515', 'parent_id': None, 'argsrepr': '()', 'kwargsrepr': '{}', 'origin': 'gen2491801@Swifwallet', 'ignore_result': False, 'replaced_task_nesting': 0, 'stamped_headers': None, 'stamps': {}, 'sentry-task-enqueued-time': 1744126200.100128, 'sentry-trace': 'ac3c35f1bd014db68a9bdd508786b3f5-a1e407598dede037', 'baggage': 'sentry-trace_id=ac3c35f1bd014db68a9bdd508786b3f5,sentry-environment=production,sentry-public_key=f634fed9af121dd7daee5a2dc3e1f7e4,sentry-sample_rate=1.0', 'headers': {'sentry-trace': 'ac3c35f1bd014db68a9bdd508786b3f5-a1e407598dede037', 'baggage': 'sentry-trace_id=ac3c35f1bd014db68a9bdd508786b3f5,sentry-environment=production,sentry-public_key=f634fed9af121dd7daee5a2dc3e1f7e4,sentry-sample_rate=1.0', 'sentry-task-enqueued-time': 1744126200.100128}}

The delivery info for this task is:
{'exchange': '', 'routing_key': 'celery'}
Traceback (most recent call last):
  File "/var/www/swif/venv/lib/python3.10/site-packages/celery/worker/consumer/consumer.py", line 659, in on_task_received
    strategy = strategies[type_]
KeyError: 'invest.tasks.check_stop_loss_and_take_profit'
[2025-04-08 15:30:00,273: INFO/MainProcess] Task invest.tasks.update_tokenized_stock_prices[210b57ef-35d7-4e4e-958e-7c229553c485] received
[2025-04-08 15:30:00,313: ERROR/MainProcess] Received unregistered task of type 'invest.tasks.check_stop_loss_and_take_profit'.
The message has been ignored and discarded.

Did you remember to import the module containing this task?
Or maybe you're using relative imports?

Please see
https://docs.celeryq.dev/en/latest/internals/protocol.html
for more information.

The full contents of the message body was:
b'[[], {}, {"callbacks": null, "errbacks": null, "chain": null, "chord": null}]' (77b)

The full contents of the message headers:
{'lang': 'py', 'task': 'invest.tasks.check_stop_loss_and_take_profit', 'id': '400c744d-7ffb-47be-ad20-b1166b6870d3', 'shadow': None, 'eta': None, 'expires': None, 'group': None, 'group_index': None, 'retries': 0, 'timelimit': [None, None], 'root_id': '400c744d-7ffb-47be-ad20-b1166b6870d3', 'parent_id': None, 'argsrepr': '()', 'kwargsrepr': '{}', 'origin': 'gen2491756@Swifwallet', 'ignore_result': False, 'replaced_task_nesting': 0, 'stamped_headers': None, 'stamps': {}, 'sentry-task-enqueued-time': 1744126200.1761985, 'sentry-trace': 'bbfad9dc197d4bf58d24242dcdf552a5-9231ae094f871ff4', 'baggage': 'sentry-trace_id=bbfad9dc197d4bf58d24242dcdf552a5,sentry-environment=production,sentry-public_key=f634fed9af121dd7daee5a2dc3e1f7e4,sentry-sample_rate=1.0', 'headers': {'sentry-trace': 'bbfad9dc197d4bf58d24242dcdf552a5-9231ae094f871ff4', 'baggage': 'sentry-trace_id=bbfad9dc197d4bf58d24242dcdf552a5,sentry-environment=production,sentry-public_key=f634fed9af121dd7daee5a2dc3e1f7e4,sentry-sample_rate=1.0', 'sentry-task-enqueued-time': 1744126200.1761985}}

The delivery info for this task is:
{'exchange': '', 'routing_key': 'celery'}
Traceback (most recent call last):
  File "/var/www/swif/venv/lib/python3.10/site-packages/celery/worker/consumer/consumer.py", line 659, in on_task_received
    strategy = strategies[type_]
KeyError: 'invest.tasks.check_stop_loss_and_take_profit'
[2025-04-08 15:30:00,542: ERROR/ForkPoolWorker-1] Price update failed: 'Server' object has no attribute 'requests'
[2025-04-08 15:30:00,580: ERROR/ForkPoolWorker-1] Price update failed: 'Server' object has no attribute 'requests'
[2025-04-08 15:30:00,681: INFO/MainProcess] Task invest.tasks.update_tokenized_stock_prices[b4df53ad-8659-41c1-a7dd-0cc1bee877c0] received
[2025-04-08 15:30:00,683: INFO/ForkPoolWorker-1] Task invest.tasks.update_tokenized_stock_prices[210b57ef-35d7-4e4e-958e-7c229553c485] retry: Retry in 300s: AttributeError("'Server' object has no attribute 'requests'")
[2025-04-08 15:35:00,739: ERROR/ForkPoolWorker-1] Price update failed: 'Server' object has no attribute 'requests'
[2025-04-08 15:35:00,757: ERROR/ForkPoolWorker-1] Price update failed: 'Server' object has no attribute 'requests'
[2025-04-08 15:35:00,788: INFO/MainProcess] Task invest.tasks.update_tokenized_stock_prices[b4df53ad-8659-41c1-a7dd-0cc1bee877c0] received
[2025-04-08 15:35:00,801: INFO/ForkPoolWorker-1] Task invest.tasks.update_tokenized_stock_prices[b4df53ad-8659-41c1-a7dd-0cc1bee877c0] retry: Retry in 300s: AttributeError("'Server' object has no attribute 'requests'")
[2025-04-08 15:35:01,029: INFO/MainProcess] Task invest.tasks.update_tokenized_stock_prices[99c3e14a-4db5-45db-959c-0b75864d86bf] received
[2025-04-08 15:40:00,842: ERROR/ForkPoolWorker-1] Price update failed: 'Server' object has no attribute 'requests'
[2025-04-08 15:40:00,865: ERROR/ForkPoolWorker-1] Price update failed: 'Server' object has no attribute 'requests'
[2025-04-08 15:40:00,905: INFO/ForkPoolWorker-1] Task invest.tasks.update_tokenized_stock_prices[b4df53ad-8659-41c1-a7dd-0cc1bee877c0] retry: Retry in 300s: AttributeError("'Server' object has no attribute 'requests'")
[2025-04-08 15:40:00,965: INFO/MainProcess] Task invest.tasks.update_tokenized_stock_prices[210b57ef-35d7-4e4e-958e-7c229553c485] received
[2025-04-08 15:40:01,065: ERROR/ForkPoolWorker-1] Price update failed: 'Server' object has no attribute 'requests'
[2025-04-08 15:40:01,070: ERROR/ForkPoolWorker-1] Price update failed: 'Server' object has no attribute 'requests'
[2025-04-08 15:40:01,086: INFO/ForkPoolWorker-1] Task invest.tasks.update_tokenized_stock_prices[99c3e14a-4db5-45db-959c-0b75864d86bf] retry: Retry in 300s: AttributeError("'Server' object has no attribute 'requests'")
[2025-04-08 15:45:01,002: ERROR/ForkPoolWorker-1] Price update failed: 'Server' object has no attribute 'requests'
[2025-04-08 15:45:01,010: ERROR/ForkPoolWorker-1] Price update failed: 'Server' object has no attribute 'requests'
[2025-04-08 15:45:01,030: ERROR/ForkPoolWorker-1] Task invest.tasks.update_tokenized_stock_prices[210b57ef-35d7-4e4e-958e-7c229553c485] raised unexpected: AttributeError("'Server' object has no attribute 'requests'")
Traceback (most recent call last):
  File "/var/www/swif/venv/lib/python3.10/site-packages/celery/app/trace.py", line 453, in trace_task
    R = retval = fun(*args, **kwargs)
  File "/var/www/swif/venv/lib/python3.10/site-packages/sentry_sdk/utils.py", line 1783, in runner
    return sentry_patched_function(*args, **kwargs)
  File "/var/www/swif/venv/lib/python3.10/site-packages/sentry_sdk/integrations/celery/__init__.py", line 415, in _inner
    reraise(*exc_info)
  File "/var/www/swif/venv/lib/python3.10/site-packages/sentry_sdk/utils.py", line 1718, in reraise
    raise value
  File "/var/www/swif/venv/lib/python3.10/site-packages/sentry_sdk/integrations/celery/__init__.py", line 410, in _inner
    return f(*args, **kwargs)
  File "/var/www/swif/venv/lib/python3.10/site-packages/celery/app/trace.py", line 736, in __protected_call__
    return self.run(*args, **kwargs)
  File "/var/www/swif/swif/invest/tasks.py", line 297, in update_tokenized_stock_prices
    logger.error(f"Price update failed: {str(e)}")
  File "/var/www/swif/venv/lib/python3.10/site-packages/celery/app/task.py", line 736, in retry
    raise_with_context(exc)
  File "/var/www/swif/swif/invest/tasks.py", line 292, in update_tokenized_stock_prices
    try:
  File "/usr/lib/python3.10/contextlib.py", line 79, in inner
    return func(*args, **kwds)
  File "/var/www/swif/swif/invest/services/stellar_utils.py", line 54, in update_stock_prices
    return len(updates)
  File "/var/www/swif/swif/invest/services/stellar_utils.py", line 31, in fetch_stellar_price
    return None
AttributeError: 'Server' object has no attribute 'requests'
[2025-04-08 16:00:00,117: INFO/MainProcess] Task invest.tasks.update_tokenized_stock_prices[2eea84a0-50f5-482c-8fd4-ff7981cbc17b] received
[2025-04-08 16:00:00,159: ERROR/MainProcess] Received unregistered task of type 'invest.tasks.check_stop_loss_and_take_profit'.
The message has been ignored and discarded.

Did you remember to import the module containing this task?
Or maybe you're using relative imports?

Please see
https://docs.celeryq.dev/en/latest/internals/protocol.html
for more information.

The full contents of the message body was:
b'[[], {}, {"callbacks": null, "errbacks": null, "chain": null, "chord": null}]' (77b)

The full contents of the message headers:
{'lang': 'py', 'task': 'invest.tasks.check_stop_loss_and_take_profit', 'id': '75c4de11-6e3a-452f-b3c7-8e48cbd76850', 'shadow': None, 'eta': None, 'expires': None, 'group': None, 'group_index': None, 'retries': 0, 'timelimit': [None, None], 'root_id': '75c4de11-6e3a-452f-b3c7-8e48cbd76850', 'parent_id': None, 'argsrepr': '()', 'kwargsrepr': '{}', 'origin': 'gen2491801@Swifwallet', 'ignore_result': False, 'replaced_task_nesting': 0, 'stamped_headers': None, 'stamps': {}, 'sentry-task-enqueued-time': 1744128000.0954137, 'sentry-trace': 'e761fc15db204365b888129b2507f6ee-b19e1d679ecca632', 'baggage': 'sentry-trace_id=e761fc15db204365b888129b2507f6ee,sentry-environment=production,sentry-public_key=f634fed9af121dd7daee5a2dc3e1f7e4,sentry-sample_rate=1.0', 'headers': {'sentry-trace': 'e761fc15db204365b888129b2507f6ee-b19e1d679ecca632', 'baggage': 'sentry-trace_id=e761fc15db204365b888129b2507f6ee,sentry-environment=production,sentry-public_key=f634fed9af121dd7daee5a2dc3e1f7e4,sentry-sample_rate=1.0', 'sentry-task-enqueued-time': 1744128000.0954137}}

The delivery info for this task is:
{'exchange': '', 'routing_key': 'celery'}
Traceback (most recent call last):
  File "/var/www/swif/venv/lib/python3.10/site-packages/celery/worker/consumer/consumer.py", line 659, in on_task_received
    strategy = strategies[type_]
KeyError: 'invest.tasks.check_stop_loss_and_take_profit'
[2025-04-08 16:00:00,279: INFO/MainProcess] Task invest.tasks.update_tokenized_stock_prices[e2a68a9e-7a92-4c4d-b12f-3a15316cafe5] received
[2025-04-08 16:00:00,293: ERROR/ForkPoolWorker-1] Price update failed: 'Server' object has no attribute 'requests'
[2025-04-08 16:00:00,314: ERROR/ForkPoolWorker-1] Price update failed: 'Server' object has no attribute 'requests'
[2025-04-08 16:00:00,401: INFO/MainProcess] Task invest.tasks.update_tokenized_stock_prices[2eea84a0-50f5-482c-8fd4-ff7981cbc17b] received
[2025-04-08 16:00:00,416: INFO/ForkPoolWorker-1] Task invest.tasks.update_tokenized_stock_prices[2eea84a0-50f5-482c-8fd4-ff7981cbc17b] retry: Retry in 300s: AttributeError("'Server' object has no attribute 'requests'")
[2025-04-08 16:00:00,609: ERROR/ForkPoolWorker-1] Price update failed: 'Server' object has no attribute 'requests'
[2025-04-08 16:00:00,636: ERROR/ForkPoolWorker-1] Price update failed: 'Server' object has no attribute 'requests'
[2025-04-08 16:00:00,688: INFO/ForkPoolWorker-1] Task invest.tasks.update_tokenized_stock_prices[e2a68a9e-7a92-4c4d-b12f-3a15316cafe5] retry: Retry in 300s: AttributeError("'Server' object has no attribute 'requests'")
[2025-04-08 16:00:00,709: INFO/MainProcess] Task invest.tasks.update_tokenized_stock_prices[a864ac11-23f7-488a-9f86-db04c58c6519] received
[2025-04-08 16:05:00,401: ERROR/ForkPoolWorker-1] Price update failed: 'Server' object has no attribute 'requests'
[2025-04-08 16:05:00,411: ERROR/ForkPoolWorker-1] Price update failed: 'Server' object has no attribute 'requests'
[2025-04-08 16:05:00,424: INFO/MainProcess] Task invest.tasks.update_tokenized_stock_prices[2eea84a0-50f5-482c-8fd4-ff7981cbc17b] received
[2025-04-08 16:05:00,433: INFO/ForkPoolWorker-1] Task invest.tasks.update_tokenized_stock_prices[2eea84a0-50f5-482c-8fd4-ff7981cbc17b] retry: Retry in 300s: AttributeError("'Server' object has no attribute 'requests'")
[2025-04-08 16:05:00,726: ERROR/ForkPoolWorker-1] Price update failed: 'Server' object has no attribute 'requests'
[2025-04-08 16:05:00,739: ERROR/ForkPoolWorker-1] Price update failed: 'Server' object has no attribute 'requests'
[2025-04-08 16:05:00,764: INFO/MainProcess] Task invest.tasks.update_tokenized_stock_prices[a864ac11-23f7-488a-9f86-db04c58c6519] received
[2025-04-08 16:05:00,768: INFO/ForkPoolWorker-1] Task invest.tasks.update_tokenized_stock_prices[a864ac11-23f7-488a-9f86-db04c58c6519] retry: Retry in 300s: AttributeError("'Server' object has no attribute 'requests'")
[2025-04-08 16:10:00,473: ERROR/ForkPoolWorker-1] Price update failed: 'Server' object has no attribute 'requests'
[2025-04-08 16:10:00,485: ERROR/ForkPoolWorker-1] Price update failed: 'Server' object has no attribute 'requests'
[2025-04-08 16:10:00,507: INFO/ForkPoolWorker-1] Task invest.tasks.update_tokenized_stock_prices[2eea84a0-50f5-482c-8fd4-ff7981cbc17b] retry: Retry in 300s: AttributeError("'Server' object has no attribute 'requests'")
[2025-04-08 16:10:00,797: ERROR/ForkPoolWorker-1] Price update failed: 'Server' object has no attribute 'requests'
[2025-04-08 16:10:00,812: ERROR/ForkPoolWorker-1] Price update failed: 'Server' object has no attribute 'requests'
[2025-04-08 16:10:00,849: INFO/MainProcess] Task invest.tasks.update_tokenized_stock_prices[a864ac11-23f7-488a-9f86-db04c58c6519] received
[2025-04-08 16:10:00,857: INFO/ForkPoolWorker-1] Task invest.tasks.update_tokenized_stock_prices[a864ac11-23f7-488a-9f86-db04c58c6519] retry: Retry in 300s: AttributeError("'Server' object has no attribute 'requests'")
[2025-04-08 16:15:00,998: ERROR/ForkPoolWorker-1] Price update failed: 'Server' object has no attribute 'requests'
[2025-04-08 16:15:01,030: ERROR/ForkPoolWorker-1] Price update failed: 'Server' object has no attribute 'requests'
[2025-04-08 16:15:01,139: ERROR/ForkPoolWorker-1] Task invest.tasks.update_tokenized_stock_prices[a864ac11-23f7-488a-9f86-db04c58c6519] raised unexpected: AttributeError("'Server' object has no attribute 'requests'")
Traceback (most recent call last):
  File "/var/www/swif/venv/lib/python3.10/site-packages/celery/app/trace.py", line 453, in trace_task
    R = retval = fun(*args, **kwargs)
  File "/var/www/swif/venv/lib/python3.10/site-packages/sentry_sdk/utils.py", line 1783, in runner
    return sentry_patched_function(*args, **kwargs)
  File "/var/www/swif/venv/lib/python3.10/site-packages/sentry_sdk/integrations/celery/__init__.py", line 415, in _inner
    reraise(*exc_info)
  File "/var/www/swif/venv/lib/python3.10/site-packages/sentry_sdk/utils.py", line 1718, in reraise
    raise value
  File "/var/www/swif/venv/lib/python3.10/site-packages/sentry_sdk/integrations/celery/__init__.py", line 410, in _inner
    return f(*args, **kwargs)
  File "/var/www/swif/venv/lib/python3.10/site-packages/celery/app/trace.py", line 736, in __protected_call__
    return self.run(*args, **kwargs)
  File "/var/www/swif/swif/invest/tasks.py", line 297, in update_tokenized_stock_prices
    logger.error(f"Price update failed: {str(e)}")
  File "/var/www/swif/venv/lib/python3.10/site-packages/celery/app/task.py", line 736, in retry
    raise_with_context(exc)
  File "/var/www/swif/swif/invest/tasks.py", line 292, in update_tokenized_stock_prices
    try:
  File "/usr/lib/python3.10/contextlib.py", line 79, in inner
    return func(*args, **kwds)
  File "/var/www/swif/swif/invest/services/stellar_utils.py", line 54, in update_stock_prices
    return len(updates)
  File "/var/www/swif/swif/invest/services/stellar_utils.py", line 31, in fetch_stellar_price
    return None
AttributeError: 'Server' object has no attribute 'requests'
[2025-04-08 16:19:22,946: INFO/MainProcess] Task invest.tasks.update_tokenized_stock_prices[2f4f70d2-cee3-414c-a67e-d8796b7625ce] received

worker: Warm shutdown (MainProcess)
[2025-04-08 16:21:56,968: WARNING/MainProcess] Restoring 1 unacknowledged message(s)
